size,agent,task_per_agent,seed,phi,scheduler,window,bound,sort,mlabel,skip,recalc,nearest,ec,task_bound,reserve_all,task_num,task_success,success_rate,reserve,reserve_a,reserve_b,time_ms
21x35,10,10,0,0,flex,0,True,True,True,True,True,False,False,True,False,100,95,0.95,17,12,5,188
21x35,10,10,0,0,flex,0,True,True,True,True,True,False,True,True,False,100,95,0.95,17,0,0,190
21x35,10,10,0,0,flex,0,True,True,True,True,True,True,False,True,False,100,94,0.94,13,0,0,270
21x35,10,10,0,0.1,flex,0,True,True,True,True,True,False,False,True,False,100,97,0.97,8,5,3,181
21x35,10,10,0,0.1,flex,0,True,True,True,True,True,False,True,True,False,100,97,0.97,8,0,0,184
21x35,10,10,0,0.1,flex,0,True,True,True,True,True,True,False,True,False,100,97,0.97,8,0,0,173
21x35,10,10,0,0.25,flex,0,True,True,True,True,True,False,False,True,False,100,100,1.0,15,11,4,327
21x35,10,10,0,0.25,flex,0,True,True,True,True,True,False,True,True,False,100,100,1.0,15,0,0,397
21x35,10,10,0,0.25,flex,0,True,True,True,True,True,True,False,True,False,100,99,0.99,15,0,0,309
21x35,10,10,1,0,flex,0,True,True,True,True,True,False,False,True,False,100,93,0.93,19,15,4,259
21x35,10,10,1,0,flex,0,True,True,True,True,True,False,True,True,False,100,93,0.93,19,0,0,265
21x35,10,10,1,0,flex,0,True,True,True,True,True,True,False,True,False,100,92,0.92,22,0,0,226
21x35,10,10,1,0.1,flex,0,True,True,True,True,True,False,False,True,False,100,95,0.95,14,11,3,243
21x35,10,10,1,0.1,flex,0,True,True,True,True,True,False,True,True,False,100,95,0.95,14,0,0,228
21x35,10,10,1,0.1,flex,0,True,True,True,True,True,True,False,True,False,100,94,0.94,17,0,0,332
21x35,10,10,1,0.25,flex,0,True,True,True,True,True,False,False,True,False,100,100,1.0,24,21,3,305
21x35,10,10,1,0.25,flex,0,True,True,True,True,True,False,True,True,False,100,100,1.0,24,0,0,311
21x35,10,10,1,0.25,flex,0,True,True,True,True,True,True,False,True,False,100,100,1.0,24,0,0,306
21x35,10,10,2,0,flex,0,True,True,True,True,True,False,False,True,False,100,89,0.89,21,19,2,141
21x35,10,10,2,0,flex,0,True,True,True,True,True,False,True,True,False,100,89,0.89,21,0,0,141
21x35,10,10,2,0,flex,0,True,True,True,True,True,True,False,True,False,100,90,0.9,20,0,0,317
21x35,10,10,2,0.1,flex,0,True,True,True,True,True,False,False,True,False,100,97,0.97,15,12,3,245
21x35,10,10,2,0.1,flex,0,True,True,True,True,True,False,True,True,False,100,97,0.97,15,0,0,248
21x35,10,10,2,0.1,flex,0,True,True,True,True,True,True,False,True,False,100,96,0.96,14,0,0,242
21x35,10,10,2,0.25,flex,0,True,True,True,True,True,False,False,True,False,100,99,0.99,13,11,2,262
21x35,10,10,2,0.25,flex,0,True,True,True,True,True,False,True,True,False,100,99,0.99,13,0,0,334
21x35,10,10,2,0.25,flex,0,True,True,True,True,True,True,False,True,False,100,99,0.99,10,0,0,193
21x35,10,10,3,0,flex,0,True,True,True,True,True,False,False,True,False,100,94,0.94,15,11,4,182
21x35,10,10,3,0,flex,0,True,True,True,True,True,False,True,True,False,100,94,0.94,15,0,0,235
21x35,10,10,3,0,flex,0,True,True,True,True,True,True,False,True,False,100,93,0.93,20,0,0,273
21x35,10,10,3,0.1,flex,0,True,True,True,True,True,False,False,True,False,100,97,0.97,21,15,6,198
21x35,10,10,3,0.1,flex,0,True,True,True,True,True,False,True,True,False,100,97,0.97,21,0,0,199
21x35,10,10,3,0.1,flex,0,True,True,True,True,True,True,False,True,False,100,96,0.96,19,0,0,294
21x35,10,10,3,0.25,flex,0,True,True,True,True,True,False,False,True,False,100,100,1.0,21,16,5,240
21x35,10,10,3,0.25,flex,0,True,True,True,True,True,False,True,True,False,100,100,1.0,21,0,0,245
21x35,10,10,3,0.25,flex,0,True,True,True,True,True,True,False,True,False,100,100,1.0,20,0,0,216
21x35,10,10,4,0,flex,0,True,True,True,True,True,False,False,True,False,100,94,0.94,14,11,3,354
21x35,10,10,4,0,flex,0,True,True,True,True,True,False,True,True,False,100,94,0.94,14,0,0,311
21x35,10,10,4,0,flex,0,True,True,True,True,True,True,False,True,False,100,93,0.93,12,0,0,336
21x35,10,10,4,0.1,flex,0,True,True,True,True,True,False,False,True,False,100,97,0.97,16,12,4,178
21x35,10,10,4,0.1,flex,0,True,True,True,True,True,False,True,True,False,100,97,0.97,16,0,0,181
21x35,10,10,4,0.1,flex,0,True,True,True,True,True,True,False,True,False,100,97,0.97,17,0,0,154
21x35,10,10,4,0.25,flex,0,True,True,True,True,True,False,False,True,False,100,99,0.99,15,12,3,293
21x35,10,10,4,0.25,flex,0,True,True,True,True,True,False,True,True,False,100,99,0.99,15,0,0,280
21x35,10,10,4,0.25,flex,0,True,True,True,True,True,True,False,True,False,100,99,0.99,17,0,0,292
21x35,10,10,5,0,flex,0,True,True,True,True,True,False,False,True,False,100,95,0.95,14,11,3,259
21x35,10,10,5,0,flex,0,True,True,True,True,True,False,True,True,False,100,95,0.95,14,0,0,263
21x35,10,10,5,0,flex,0,True,True,True,True,True,True,False,True,False,100,94,0.94,13,0,0,348
21x35,10,10,5,0.1,flex,0,True,True,True,True,True,False,False,True,False,100,95,0.95,8,7,1,252
21x35,10,10,5,0.1,flex,0,True,True,True,True,True,False,True,True,False,100,95,0.95,8,0,0,255
21x35,10,10,5,0.1,flex,0,True,True,True,True,True,True,False,True,False,100,95,0.95,8,0,0,247
21x35,10,10,5,0.25,flex,0,True,True,True,True,True,False,False,True,False,100,100,1.0,17,14,3,283
21x35,10,10,5,0.25,flex,0,True,True,True,True,True,False,True,True,False,100,100,1.0,17,0,0,298
21x35,10,10,5,0.25,flex,0,True,True,True,True,True,True,False,True,False,100,99,0.99,12,0,0,329
21x35,10,10,6,0,flex,0,True,True,True,True,True,False,False,True,False,100,93,0.93,19,12,7,191
21x35,10,10,6,0,flex,0,True,True,True,True,True,False,True,True,False,100,93,0.93,19,0,0,193
21x35,10,10,6,0,flex,0,True,True,True,True,True,True,False,True,False,100,93,0.93,20,0,0,186
21x35,10,10,6,0.1,flex,0,True,True,True,True,True,False,False,True,False,100,97,0.97,14,10,4,232
21x35,10,10,6,0.1,flex,0,True,True,True,True,True,False,True,True,False,100,97,0.97,14,0,0,177
21x35,10,10,6,0.1,flex,0,True,True,True,True,True,True,False,True,False,100,97,0.97,14,0,0,170
21x35,10,10,6,0.25,flex,0,True,True,True,True,True,False,False,True,False,100,99,0.99,15,13,2,244
21x35,10,10,6,0.25,flex,0,True,True,True,True,True,False,True,True,False,100,99,0.99,15,0,0,247
21x35,10,10,6,0.25,flex,0,True,True,True,True,True,True,False,True,False,100,99,0.99,15,0,0,249
21x35,10,10,7,0,flex,0,True,True,True,True,True,False,False,True,False,100,93,0.93,14,11,3,206
21x35,10,10,7,0,flex,0,True,True,True,True,True,False,True,True,False,100,93,0.93,14,0,0,203
21x35,10,10,7,0,flex,0,True,True,True,True,True,True,False,True,False,100,93,0.93,16,0,0,224
21x35,10,10,7,0.1,flex,0,True,True,True,True,True,False,False,True,False,100,98,0.98,8,6,2,227
21x35,10,10,7,0.1,flex,0,True,True,True,True,True,False,True,True,False,100,98,0.98,8,0,0,270
21x35,10,10,7,0.1,flex,0,True,True,True,True,True,True,False,True,False,100,97,0.97,17,0,0,171
21x35,10,10,7,0.25,flex,0,True,True,True,True,True,False,False,True,False,100,98,0.98,20,14,6,235
21x35,10,10,7,0.25,flex,0,True,True,True,True,True,False,True,True,False,100,98,0.98,20,0,0,236
21x35,10,10,7,0.25,flex,0,True,True,True,True,True,True,False,True,False,100,97,0.97,19,0,0,320
21x35,10,10,8,0,flex,0,True,True,True,True,True,False,False,True,False,100,95,0.95,13,11,2,196
21x35,10,10,8,0,flex,0,True,True,True,True,True,False,True,True,False,100,95,0.95,13,0,0,198
21x35,10,10,8,0,flex,0,True,True,True,True,True,True,False,True,False,100,94,0.94,12,0,0,360
21x35,10,10,8,0.1,flex,0,True,True,True,True,True,False,False,True,False,100,98,0.98,13,11,2,228
21x35,10,10,8,0.1,flex,0,True,True,True,True,True,False,True,True,False,100,98,0.98,13,0,0,226
21x35,10,10,8,0.1,flex,0,True,True,True,True,True,True,False,True,False,100,98,0.98,13,0,0,325
21x35,10,10,8,0.25,flex,0,True,True,True,True,True,False,False,True,False,100,100,1.0,17,14,3,224
21x35,10,10,8,0.25,flex,0,True,True,True,True,True,False,True,True,False,100,100,1.0,17,0,0,224
21x35,10,10,8,0.25,flex,0,True,True,True,True,True,True,False,True,False,100,98,0.98,16,0,0,493
21x35,10,10,9,0,flex,0,True,True,True,True,True,False,False,True,False,100,93,0.93,11,9,2,260
21x35,10,10,9,0,flex,0,True,True,True,True,True,False,True,True,False,100,93,0.93,11,0,0,265
21x35,10,10,9,0,flex,0,True,True,True,True,True,True,False,True,False,100,93,0.93,12,0,0,244
21x35,10,10,9,0.1,flex,0,True,True,True,True,True,False,False,True,False,100,97,0.97,14,11,3,286
21x35,10,10,9,0.1,flex,0,True,True,True,True,True,False,True,True,False,100,97,0.97,14,0,0,298
21x35,10,10,9,0.1,flex,0,True,True,True,True,True,True,False,True,False,100,97,0.97,13,0,0,260
21x35,10,10,9,0.25,flex,0,True,True,True,True,True,False,False,True,False,100,100,1.0,17,13,4,293
21x35,10,10,9,0.25,flex,0,True,True,True,True,True,False,True,True,False,100,100,1.0,17,0,0,323
21x35,10,10,9,0.25,flex,0,True,True,True,True,True,True,False,True,False,100,100,1.0,12,0,0,193
21x35,20,10,0,0,flex,0,True,True,True,True,True,False,False,True,False,200,184,0.92,61,50,11,1219
21x35,20,10,0,0,flex,0,True,True,True,True,True,False,True,True,False,200,186,0.93,56,0,0,1122
21x35,20,10,0,0,flex,0,True,True,True,True,True,True,False,True,False,200,184,0.92,64,0,0,721
21x35,20,10,0,0.1,flex,0,True,True,True,True,True,False,False,True,False,200,194,0.97,53,40,13,1252
21x35,20,10,0,0.1,flex,0,True,True,True,True,True,False,True,True,False,200,194,0.97,53,0,0,1269
21x35,20,10,0,0.1,flex,0,True,True,True,True,True,True,False,True,False,200,194,0.97,61,0,0,1323
21x35,20,10,0,0.25,flex,0,True,True,True,True,True,False,False,True,False,200,199,0.995,54,41,13,1832
21x35,20,10,0,0.25,flex,0,True,True,True,True,True,False,True,True,False,200,199,0.995,54,0,0,1813
21x35,20,10,0,0.25,flex,0,True,True,True,True,True,True,False,True,False,200,196,0.98,48,0,0,1546
21x35,20,10,1,0,flex,0,True,True,True,True,True,False,False,True,False,200,185,0.925,71,56,15,1475
21x35,20,10,1,0,flex,0,True,True,True,True,True,False,True,True,False,200,185,0.925,71,0,0,1485
21x35,20,10,1,0,flex,0,True,True,True,True,True,True,False,True,False,200,184,0.92,68,0,0,1356
21x35,20,10,1,0.1,flex,0,True,True,True,True,True,False,False,True,False,200,192,0.96,69,50,19,1214
21x35,20,10,1,0.1,flex,0,True,True,True,True,True,False,True,True,False,200,192,0.96,69,0,0,1368
21x35,20,10,1,0.1,flex,0,True,True,True,True,True,True,False,True,False,200,191,0.955,68,0,0,1403
21x35,20,10,1,0.25,flex,0,True,True,True,True,True,False,False,True,False,200,199,0.995,67,49,18,1609
21x35,20,10,1,0.25,flex,0,True,True,True,True,True,False,True,True,False,200,199,0.995,67,0,0,1659
21x35,20,10,1,0.25,flex,0,True,True,True,True,True,True,False,True,False,200,199,0.995,67,0,0,1432
21x35,20,10,2,0,flex,0,True,True,True,True,True,False,False,True,False,200,177,0.885,61,51,10,850
21x35,20,10,2,0,flex,0,True,True,True,True,True,False,True,True,False,200,177,0.885,61,0,0,981
21x35,20,10,2,0,flex,0,True,True,True,True,True,True,False,True,False,200,181,0.905,65,0,0,1464
21x35,20,10,2,0.1,flex,0,True,True,True,True,True,False,False,True,False,200,194,0.97,55,48,7,1596
21x35,20,10,2,0.1,flex,0,True,True,True,True,True,False,True,True,False,200,194,0.97,55,0,0,1611
21x35,20,10,2,0.1,flex,0,True,True,True,True,True,True,False,True,False,200,193,0.965,57,0,0,1620
21x35,20,10,2,0.25,flex,0,True,True,True,True,True,False,False,True,False,200,199,0.995,52,44,8,1554
21x35,20,10,2,0.25,flex,0,True,True,True,True,True,False,True,True,False,200,199,0.995,52,0,0,1661
21x35,20,10,2,0.25,flex,0,True,True,True,True,True,True,False,True,False,200,199,0.995,56,0,0,1573
21x35,20,10,3,0,flex,0,True,True,True,True,True,False,False,True,False,200,190,0.95,67,53,14,1378
21x35,20,10,3,0,flex,0,True,True,True,True,True,False,True,True,False,200,190,0.95,67,0,0,1071
21x35,20,10,3,0,flex,0,True,True,True,True,True,True,False,True,False,200,189,0.945,74,0,0,1225
21x35,20,10,3,0.1,flex,0,True,True,True,True,True,False,False,True,False,200,193,0.965,73,57,16,973
21x35,20,10,3,0.1,flex,0,True,True,True,True,True,False,True,True,False,200,193,0.965,73,0,0,1001
21x35,20,10,3,0.1,flex,0,True,True,True,True,True,True,False,True,False,200,192,0.96,65,0,0,986
21x35,20,10,3,0.25,flex,0,True,True,True,True,True,False,False,True,False,200,197,0.985,55,40,15,1302
21x35,20,10,3,0.25,flex,0,True,True,True,True,True,False,True,True,False,200,197,0.985,55,0,0,1364
21x35,20,10,3,0.25,flex,0,True,True,True,True,True,True,False,True,False,200,196,0.98,58,0,0,1465
21x35,20,10,4,0,flex,0,True,True,True,True,True,False,False,True,False,200,178,0.89,57,44,13,765
21x35,20,10,4,0,flex,0,True,True,True,True,True,False,True,True,False,200,178,0.89,57,0,0,773
21x35,20,10,4,0,flex,0,True,True,True,True,True,True,False,True,False,200,176,0.88,54,0,0,729
21x35,20,10,4,0.1,flex,0,True,True,True,True,True,False,False,True,False,200,192,0.96,53,42,11,1175
21x35,20,10,4,0.1,flex,0,True,True,True,True,True,False,True,True,False,200,192,0.96,53,0,0,1209
21x35,20,10,4,0.1,flex,0,True,True,True,True,True,True,False,True,False,200,192,0.96,52,0,0,964
21x35,20,10,4,0.25,flex,0,True,True,True,True,True,False,False,True,False,200,199,0.995,59,45,14,1367
21x35,20,10,4,0.25,flex,0,True,True,True,True,True,False,True,True,False,200,199,0.995,59,0,0,1375
21x35,20,10,4,0.25,flex,0,True,True,True,True,True,True,False,True,False,200,199,0.995,55,0,0,1364
21x35,20,10,5,0,flex,0,True,True,True,True,True,False,False,True,False,200,183,0.915,47,38,9,913
21x35,20,10,5,0,flex,0,True,True,True,True,True,False,True,True,False,200,183,0.915,47,0,0,983
21x35,20,10,5,0,flex,0,True,True,True,True,True,True,False,True,False,200,187,0.935,44,0,0,1699
21x35,20,10,5,0.1,flex,0,True,True,True,True,True,False,False,True,False,200,191,0.955,43,35,8,1526
21x35,20,10,5,0.1,flex,0,True,True,True,True,True,False,True,True,False,200,191,0.955,41,0,0,1637
21x35,20,10,5,0.1,flex,0,True,True,True,True,True,True,False,True,False,200,190,0.95,40,0,0,1657
21x35,20,10,5,0.25,flex,0,True,True,True,True,True,False,False,True,False,200,197,0.985,46,37,9,1219
21x35,20,10,5,0.25,flex,0,True,True,True,True,True,False,True,True,False,200,197,0.985,46,0,0,1233
21x35,20,10,5,0.25,flex,0,True,True,True,True,True,True,False,True,False,200,195,0.975,53,0,0,1261
21x35,20,10,6,0,flex,0,True,True,True,True,True,False,False,True,False,200,188,0.94,69,56,13,1430
21x35,20,10,6,0,flex,0,True,True,True,True,True,False,True,True,False,200,188,0.94,69,0,0,1309
21x35,20,10,6,0,flex,0,True,True,True,True,True,True,False,True,False,200,187,0.935,71,0,0,1213
21x35,20,10,6,0.1,flex,0,True,True,True,True,True,False,False,True,False,200,192,0.96,61,48,13,1335
21x35,20,10,6,0.1,flex,0,True,True,True,True,True,False,True,True,False,200,192,0.96,61,0,0,1401
21x35,20,10,6,0.1,flex,0,True,True,True,True,True,True,False,True,False,200,190,0.95,58,0,0,1239
21x35,20,10,6,0.25,flex,0,True,True,True,True,True,False,False,True,False,200,198,0.99,56,46,10,1066
21x35,20,10,6,0.25,flex,0,True,True,True,True,True,False,True,True,False,200,198,0.99,56,0,0,1109
21x35,20,10,6,0.25,flex,0,True,True,True,True,True,True,False,True,False,200,197,0.985,57,0,0,1226
21x35,20,10,7,0,flex,0,True,True,True,True,True,False,False,True,False,200,188,0.94,57,42,15,1138
21x35,20,10,7,0,flex,0,True,True,True,True,True,False,True,True,False,200,188,0.94,57,0,0,1153
21x35,20,10,7,0,flex,0,True,True,True,True,True,True,False,True,False,200,188,0.94,61,0,0,1252
21x35,20,10,7,0.1,flex,0,True,True,True,True,True,False,False,True,False,200,194,0.97,53,39,14,1407
21x35,20,10,7,0.1,flex,0,True,True,True,True,True,False,True,True,False,200,194,0.97,53,0,0,1481
21x35,20,10,7,0.1,flex,0,True,True,True,True,True,True,False,True,False,200,193,0.965,53,0,0,1695
21x35,20,10,7,0.25,flex,0,True,True,True,True,True,False,False,True,False,200,199,0.995,64,47,17,1275
21x35,20,10,7,0.25,flex,0,True,True,True,True,True,False,True,True,False,200,199,0.995,64,0,0,1237
21x35,20,10,7,0.25,flex,0,True,True,True,True,True,True,False,True,False,200,198,0.99,58,0,0,1277
21x35,20,10,8,0,flex,0,True,True,True,True,True,False,False,True,False,200,181,0.905,49,41,8,848
21x35,20,10,8,0,flex,0,True,True,True,True,True,False,True,True,False,200,181,0.905,49,0,0,862
21x35,20,10,8,0,flex,0,True,True,True,True,True,True,False,True,False,200,175,0.875,55,0,0,950
21x35,20,10,8,0.1,flex,0,True,True,True,True,True,False,False,True,False,200,192,0.96,49,38,11,893
21x35,20,10,8,0.1,flex,0,True,True,True,True,True,False,True,True,False,200,192,0.96,49,0,0,892
21x35,20,10,8,0.1,flex,0,True,True,True,True,True,True,False,True,False,200,191,0.955,43,0,0,896
21x35,20,10,8,0.25,flex,0,True,True,True,True,True,False,False,True,False,200,198,0.99,59,46,13,869
21x35,20,10,8,0.25,flex,0,True,True,True,True,True,False,True,True,False,200,198,0.99,59,0,0,869
21x35,20,10,8,0.25,flex,0,True,True,True,True,True,True,False,True,False,200,198,0.99,49,0,0,1262
21x35,20,10,9,0,flex,0,True,True,True,True,True,False,False,True,False,200,181,0.905,56,45,11,944
21x35,20,10,9,0,flex,0,True,True,True,True,True,False,True,True,False,200,181,0.905,56,0,0,970
21x35,20,10,9,0,flex,0,True,True,True,True,True,True,False,True,False,200,186,0.93,62,0,0,1242
21x35,20,10,9,0.1,flex,0,True,True,True,True,True,False,False,True,False,200,193,0.965,56,46,10,1210
21x35,20,10,9,0.1,flex,0,True,True,True,True,True,False,True,True,False,200,194,0.97,57,0,0,1336
21x35,20,10,9,0.1,flex,0,True,True,True,True,True,True,False,True,False,200,191,0.955,62,0,0,1022
21x35,20,10,9,0.25,flex,0,True,True,True,True,True,False,False,True,False,200,199,0.995,62,50,12,970
21x35,20,10,9,0.25,flex,0,True,True,True,True,True,False,True,True,False,200,199,0.995,62,0,0,973
21x35,20,10,9,0.25,flex,0,True,True,True,True,True,True,False,True,False,200,199,0.995,60,0,0,1086
21x35,30,10,0,0,flex,0,True,True,True,True,True,False,False,True,False,300,261,0.87,117,87,30,2458
21x35,30,10,0,0,flex,0,True,True,True,True,True,False,True,True,False,300,261,0.87,117,0,0,2757
21x35,30,10,0,0,flex,0,True,True,True,True,True,True,False,True,False,300,266,0.8866666666666667,117,0,0,2206
21x35,30,10,0,0.1,flex,0,True,True,True,True,True,False,False,True,False,300,290,0.9666666666666667,129,102,27,3914
21x35,30,10,0,0.1,flex,0,True,True,True,True,True,False,True,True,False,300,290,0.9666666666666667,138,0,0,3634
21x35,30,10,0,0.1,flex,0,True,True,True,True,True,True,False,True,False,300,290,0.9666666666666667,130,0,0,3524
21x35,30,10,0,0.25,flex,0,True,True,True,True,True,False,False,True,False,300,297,0.99,118,88,30,4440
21x35,30,10,0,0.25,flex,0,True,True,True,True,True,False,True,True,False,300,297,0.99,117,0,0,4462
21x35,30,10,0,0.25,flex,0,True,True,True,True,True,True,False,True,False,300,297,0.99,102,0,0,3617
21x35,30,10,1,0,flex,0,True,True,True,True,True,False,False,True,False,300,251,0.8366666666666667,141,98,43,2312
21x35,30,10,1,0,flex,0,True,True,True,True,True,False,True,True,False,300,253,0.8433333333333334,138,0,0,2731
21x35,30,10,1,0,flex,0,True,True,True,True,True,True,False,True,False,300,261,0.87,133,0,0,2235
21x35,30,10,1,0.1,flex,0,True,True,True,True,True,False,False,True,False,300,286,0.9533333333333334,131,94,37,3558
21x35,30,10,1,0.1,flex,0,True,True,True,True,True,False,True,True,False,300,287,0.9566666666666667,137,0,0,3667
21x35,30,10,1,0.1,flex,0,True,True,True,True,True,True,False,True,False,300,288,0.96,140,0,0,2810
21x35,30,10,1,0.25,flex,0,True,True,True,True,True,False,False,True,False,300,269,0.8966666666666666,121,81,40,3447
21x35,30,10,1,0.25,flex,0,True,True,True,True,True,False,True,True,False,300,269,0.8966666666666666,127,0,0,3488
21x35,30,10,1,0.25,flex,0,True,True,True,True,True,True,False,True,False,300,298,0.9933333333333333,135,0,0,3016
21x35,30,10,2,0,flex,0,True,True,True,True,True,False,False,True,False,300,263,0.8766666666666667,117,98,19,2709
21x35,30,10,2,0,flex,0,True,True,True,True,True,False,True,True,False,300,263,0.8766666666666667,117,0,0,2748
21x35,30,10,2,0,flex,0,True,True,True,True,True,True,False,True,False,300,253,0.8433333333333334,114,0,0,2290
21x35,30,10,2,0.1,flex,0,True,True,True,True,True,False,False,True,False,300,285,0.95,127,105,22,3544
21x35,30,10,2,0.1,flex,0,True,True,True,True,True,False,True,True,False,300,285,0.95,127,0,0,3523
21x35,30,10,2,0.1,flex,0,True,True,True,True,True,True,False,True,False,300,285,0.95,127,0,0,2831
21x35,30,10,2,0.25,flex,0,True,True,True,True,True,False,False,True,False,300,299,0.9966666666666667,117,94,23,2906
21x35,30,10,2,0.25,flex,0,True,True,True,True,True,False,True,True,False,300,298,0.9933333333333333,113,0,0,3796
21x35,30,10,2,0.25,flex,0,True,True,True,True,True,True,False,True,False,300,297,0.99,123,0,0,3196
21x35,30,10,3,0,flex,0,True,True,True,True,True,False,False,True,False,300,258,0.86,135,102,33,1851
21x35,30,10,3,0,flex,0,True,True,True,True,True,False,True,True,False,300,258,0.86,135,0,0,1831
21x35,30,10,3,0,flex,0,True,True,True,True,True,True,False,True,False,300,250,0.8333333333333334,136,0,0,1441
21x35,30,10,3,0.1,flex,0,True,True,True,True,True,False,False,True,False,300,287,0.9566666666666667,134,97,37,2628
21x35,30,10,3,0.1,flex,0,True,True,True,True,True,False,True,True,False,300,286,0.9533333333333334,135,0,0,2315
21x35,30,10,3,0.1,flex,0,True,True,True,True,True,True,False,True,False,300,288,0.96,119,0,0,2610
21x35,30,10,3,0.25,flex,0,True,True,True,True,True,False,False,True,False,300,297,0.99,128,91,37,2999
21x35,30,10,3,0.25,flex,0,True,True,True,True,True,False,True,True,False,300,297,0.99,121,0,0,2997
21x35,30,10,3,0.25,flex,0,True,True,True,True,True,True,False,True,False,300,296,0.9866666666666667,115,0,0,3204
21x35,30,10,4,0,flex,0,True,True,True,True,True,False,False,True,False,300,263,0.8766666666666667,125,97,28,2057
21x35,30,10,4,0,flex,0,True,True,True,True,True,False,True,True,False,300,262,0.8733333333333333,122,0,0,2234
21x35,30,10,4,0,flex,0,True,True,True,True,True,True,False,True,False,300,259,0.8633333333333333,115,0,0,2064
21x35,30,10,4,0.1,flex,0,True,True,True,True,True,False,False,True,False,300,285,0.95,123,95,28,2761
21x35,30,10,4,0.1,flex,0,True,True,True,True,True,False,True,True,False,300,288,0.96,122,0,0,3238
21x35,30,10,4,0.1,flex,0,True,True,True,True,True,True,False,True,False,300,290,0.9666666666666667,101,0,0,3051
21x35,30,10,4,0.25,flex,0,True,True,True,True,True,False,False,True,False,300,299,0.9966666666666667,100,79,21,4265
21x35,30,10,4,0.25,flex,0,True,True,True,True,True,False,True,True,False,300,299,0.9966666666666667,121,0,0,3547
21x35,30,10,4,0.25,flex,0,True,True,True,True,True,True,False,True,False,300,297,0.99,112,0,0,2967
21x35,30,10,5,0,flex,0,True,True,True,True,True,False,False,True,False,300,259,0.8633333333333333,109,85,24,2089
21x35,30,10,5,0,flex,0,True,True,True,True,True,False,True,True,False,300,259,0.8633333333333333,109,0,0,2148
21x35,30,10,5,0,flex,0,True,True,True,True,True,True,False,True,False,300,252,0.84,100,0,0,1772
21x35,30,10,5,0.1,flex,0,True,True,True,True,True,False,False,True,False,300,290,0.9666666666666667,108,85,23,3602
21x35,30,10,5,0.1,flex,0,True,True,True,True,True,False,True,True,False,300,290,0.9666666666666667,107,0,0,3742
21x35,30,10,5,0.1,flex,0,True,True,True,True,True,True,False,True,False,300,287,0.9566666666666667,100,0,0,3405
21x35,30,10,5,0.25,flex,0,True,True,True,True,True,False,False,True,False,300,300,1.0,137,110,27,4436
21x35,30,10,5,0.25,flex,0,True,True,True,True,True,False,True,True,False,300,300,1.0,122,0,0,4228
21x35,30,10,5,0.25,flex,0,True,True,True,True,True,True,False,True,False,300,298,0.9933333333333333,117,0,0,4772
21x35,30,10,6,0,flex,0,True,True,True,True,True,False,False,True,False,300,250,0.8333333333333334,114,87,27,1931
21x35,30,10,6,0,flex,0,True,True,True,True,True,False,True,True,False,300,251,0.8366666666666667,116,0,0,1791
21x35,30,10,6,0,flex,0,True,True,True,True,True,True,False,True,False,300,251,0.8366666666666667,129,0,0,1767
21x35,30,10,6,0.1,flex,0,True,True,True,True,True,False,False,True,False,300,277,0.9233333333333333,123,95,28,2585
21x35,30,10,6,0.1,flex,0,True,True,True,True,True,False,True,True,False,300,277,0.9233333333333333,123,0,0,2621
21x35,30,10,6,0.1,flex,0,True,True,True,True,True,True,False,True,False,300,283,0.9433333333333334,127,0,0,2767
21x35,30,10,6,0.25,flex,0,True,True,True,True,True,False,False,True,False,300,298,0.9933333333333333,130,100,30,4448
21x35,30,10,6,0.25,flex,0,True,True,True,True,True,False,True,True,False,300,298,0.9933333333333333,130,0,0,4511
21x35,30,10,6,0.25,flex,0,True,True,True,True,True,True,False,True,False,300,296,0.9866666666666667,125,0,0,4128
21x35,30,10,7,0,flex,0,True,True,True,True,True,False,False,True,False,300,261,0.87,123,89,34,2191
21x35,30,10,7,0,flex,0,True,True,True,True,True,False,True,True,False,300,266,0.8866666666666667,123,0,0,2499
21x35,30,10,7,0,flex,0,True,True,True,True,True,True,False,True,False,300,257,0.8566666666666667,133,0,0,1797
21x35,30,10,7,0.1,flex,0,True,True,True,True,True,False,False,True,False,300,289,0.9633333333333334,122,84,38,2932
21x35,30,10,7,0.1,flex,0,True,True,True,True,True,False,True,True,False,300,288,0.96,122,0,0,2591
21x35,30,10,7,0.1,flex,0,True,True,True,True,True,True,False,True,False,300,287,0.9566666666666667,130,0,0,2190
21x35,30,10,7,0.25,flex,0,True,True,True,True,True,False,False,True,False,300,298,0.9933333333333333,114,86,28,2742
21x35,30,10,7,0.25,flex,0,True,True,True,True,True,False,True,True,False,300,298,0.9933333333333333,128,0,0,3708
21x35,30,10,7,0.25,flex,0,True,True,True,True,True,True,False,True,False,300,296,0.9866666666666667,132,0,0,4104
21x35,30,10,8,0,flex,0,True,True,True,True,True,False,False,True,False,300,262,0.8733333333333333,122,93,29,2157
21x35,30,10,8,0,flex,0,True,True,True,True,True,False,True,True,False,300,264,0.88,126,0,0,2401
21x35,30,10,8,0,flex,0,True,True,True,True,True,True,False,True,False,300,266,0.8866666666666667,143,0,0,2319
21x35,30,10,8,0.1,flex,0,True,True,True,True,True,False,False,True,False,300,290,0.9666666666666667,128,97,31,2759
21x35,30,10,8,0.1,flex,0,True,True,True,True,True,False,True,True,False,300,291,0.97,130,0,0,2698
21x35,30,10,8,0.1,flex,0,True,True,True,True,True,True,False,True,False,300,289,0.9633333333333334,135,0,0,2600
21x35,30,10,8,0.25,flex,0,True,True,True,True,True,False,False,True,False,300,299,0.9966666666666667,115,86,29,3970
21x35,30,10,8,0.25,flex,0,True,True,True,True,True,False,True,True,False,300,299,0.9966666666666667,116,0,0,4055
21x35,30,10,8,0.25,flex,0,True,True,True,True,True,True,False,True,False,300,298,0.9933333333333333,112,0,0,3321
21x35,30,10,9,0,flex,0,True,True,True,True,True,False,False,True,False,300,265,0.8833333333333333,137,107,30,2600
21x35,30,10,9,0,flex,0,True,True,True,True,True,False,True,True,False,300,258,0.86,129,0,0,2381
21x35,30,10,9,0,flex,0,True,True,True,True,True,True,False,True,False,300,268,0.8933333333333333,111,0,0,2515
21x35,30,10,9,0.1,flex,0,True,True,True,True,True,False,False,True,False,300,285,0.95,130,103,27,2598
21x35,30,10,9,0.1,flex,0,True,True,True,True,True,False,True,True,False,300,285,0.95,128,0,0,2615
21x35,30,10,9,0.1,flex,0,True,True,True,True,True,True,False,True,False,300,290,0.9666666666666667,121,0,0,2626
21x35,30,10,9,0.25,flex,0,True,True,True,True,True,False,False,True,False,300,299,0.9966666666666667,127,100,27,4134
21x35,30,10,9,0.25,flex,0,True,True,True,True,True,False,True,True,False,300,299,0.9966666666666667,127,0,0,4202
21x35,30,10,9,0.25,flex,0,True,True,True,True,True,True,False,True,False,300,298,0.9933333333333333,127,0,0,3842
21x35,40,10,0,0,flex,0,True,True,True,True,True,False,False,True,False,400,330,0.825,194,152,42,4491
21x35,40,10,0,0,flex,0,True,True,True,True,True,False,True,True,False,400,323,0.8075,199,0,0,4150
21x35,40,10,0,0,flex,0,True,True,True,True,True,True,False,True,False,400,322,0.805,181,0,0,3744
21x35,40,10,0,0.1,flex,0,True,True,True,True,True,False,False,True,False,400,374,0.935,209,161,48,6476
21x35,40,10,0,0.1,flex,0,True,True,True,True,True,False,True,True,False,400,381,0.9525,210,0,0,7092
21x35,40,10,0,0.1,flex,0,True,True,True,True,True,True,False,True,False,400,384,0.96,208,0,0,7401
21x35,40,10,0,0.25,flex,0,True,True,True,True,True,False,False,True,False,400,396,0.99,185,139,46,7821
21x35,40,10,0,0.25,flex,0,True,True,True,True,True,False,True,True,False,400,396,0.99,217,0,0,7314
21x35,40,10,0,0.25,flex,0,True,True,True,True,True,True,False,True,False,400,396,0.99,191,0,0,8048
21x35,40,10,1,0,flex,0,True,True,True,True,True,False,False,True,False,400,318,0.795,180,129,51,6191
21x35,40,10,1,0,flex,0,True,True,True,True,True,False,True,True,False,400,321,0.8025,205,0,0,5310
21x35,40,10,1,0,flex,0,True,True,True,True,True,True,False,True,False,400,332,0.83,199,0,0,4134
21x35,40,10,1,0.1,flex,0,True,True,True,True,True,False,False,True,False,400,375,0.9375,217,148,69,7005
21x35,40,10,1,0.1,flex,0,True,True,True,True,True,False,True,True,False,400,366,0.915,213,0,0,6391
21x35,40,10,1,0.1,flex,0,True,True,True,True,True,True,False,True,False,400,369,0.9225,204,0,0,4971
21x35,40,10,1,0.25,flex,0,True,True,True,True,True,False,False,True,False,400,392,0.98,200,134,66,7717
21x35,40,10,1,0.25,flex,0,True,True,True,True,True,False,True,True,False,400,391,0.9775,188,0,0,8632
21x35,40,10,1,0.25,flex,0,True,True,True,True,True,True,False,True,False,400,389,0.9725,196,0,0,7295
21x35,40,10,2,0,flex,0,True,True,True,True,True,False,False,True,False,400,327,0.8175,185,148,37,5161
21x35,40,10,2,0,flex,0,True,True,True,True,True,False,True,True,False,400,324,0.81,188,0,0,5595
21x35,40,10,2,0,flex,0,True,True,True,True,True,True,False,True,False,400,334,0.835,192,0,0,4525
21x35,40,10,2,0.1,flex,0,True,True,True,True,True,False,False,True,False,400,373,0.9325,206,158,48,7855
21x35,40,10,2,0.1,flex,0,True,True,True,True,True,False,True,True,False,400,372,0.93,194,0,0,7589
21x35,40,10,2,0.1,flex,0,True,True,True,True,True,True,False,True,False,400,382,0.955,200,0,0,6993
21x35,40,10,2,0.25,flex,0,True,True,True,True,True,False,False,True,False,400,398,0.995,191,146,45,9459
21x35,40,10,2,0.25,flex,0,True,True,True,True,True,False,True,True,False,400,398,0.995,192,0,0,7635
21x35,40,10,2,0.25,flex,0,True,True,True,True,True,True,False,True,False,400,398,0.995,194,0,0,7328
21x35,40,10,3,0,flex,0,True,True,True,True,True,False,False,True,False,400,327,0.8175,205,147,58,4422
21x35,40,10,3,0,flex,0,True,True,True,True,True,False,True,True,False,400,318,0.795,201,0,0,3991
21x35,40,10,3,0,flex,0,True,True,True,True,True,True,False,True,False,400,328,0.82,215,0,0,3413
21x35,40,10,3,0.1,flex,0,True,True,True,True,True,False,False,True,False,400,368,0.92,218,163,55,6053
21x35,40,10,3,0.1,flex,0,True,True,True,True,True,False,True,True,False,400,371,0.9275,211,0,0,5842
21x35,40,10,3,0.1,flex,0,True,True,True,True,True,True,False,True,False,400,382,0.955,213,0,0,7657
21x35,40,10,3,0.25,flex,0,True,True,True,True,True,False,False,True,False,400,395,0.9875,199,135,64,6004
21x35,40,10,3,0.25,flex,0,True,True,True,True,True,False,True,True,False,400,395,0.9875,194,0,0,8159
21x35,40,10,3,0.25,flex,0,True,True,True,True,True,True,False,True,False,400,394,0.985,194,0,0,7640
21x35,40,10,4,0,flex,0,True,True,True,True,True,False,False,True,False,400,321,0.8025,179,134,45,4898
21x35,40,10,4,0,flex,0,True,True,True,True,True,False,True,True,False,400,323,0.8075,181,0,0,4438
21x35,40,10,4,0,flex,0,True,True,True,True,True,True,False,True,False,400,322,0.805,177,0,0,3939
21x35,40,10,4,0.1,flex,0,True,True,True,True,True,False,False,True,False,400,365,0.9125,188,138,50,6075
21x35,40,10,4,0.1,flex,0,True,True,True,True,True,False,True,True,False,400,363,0.9075,191,0,0,5803
21x35,40,10,4,0.1,flex,0,True,True,True,True,True,True,False,True,False,400,362,0.905,201,0,0,4501
21x35,40,10,4,0.25,flex,0,True,True,True,True,True,False,False,True,False,400,398,0.995,184,139,45,7022
21x35,40,10,4,0.25,flex,0,True,True,True,True,True,False,True,True,False,400,398,0.995,205,0,0,6947
21x35,40,10,4,0.25,flex,0,True,True,True,True,True,True,False,True,False,400,397,0.9925,177,0,0,6952
21x35,40,10,5,0,flex,0,True,True,True,True,True,False,False,True,False,400,331,0.8275,188,140,48,4795
21x35,40,10,5,0,flex,0,True,True,True,True,True,False,True,True,False,400,328,0.82,194,0,0,4691
21x35,40,10,5,0,flex,0,True,True,True,True,True,True,False,True,False,400,333,0.8325,196,0,0,3924
21x35,40,10,5,0.1,flex,0,True,True,True,True,True,False,False,True,False,400,380,0.95,222,159,63,7431
21x35,40,10,5,0.1,flex,0,True,True,True,True,True,False,True,True,False,400,381,0.9525,211,0,0,7487
21x35,40,10,5,0.1,flex,0,True,True,True,True,True,True,False,True,False,400,383,0.9575,216,0,0,5899
21x35,40,10,5,0.25,flex,0,True,True,True,True,True,False,False,True,False,400,397,0.9925,213,164,49,5968
21x35,40,10,5,0.25,flex,0,True,True,True,True,True,False,True,True,False,400,395,0.9875,217,0,0,7268
21x35,40,10,5,0.25,flex,0,True,True,True,True,True,True,False,True,False,400,380,0.95,222,0,0,6786
21x35,40,10,6,0,flex,0,True,True,True,True,True,False,False,True,False,400,315,0.7875,184,133,51,4283
21x35,40,10,6,0,flex,0,True,True,True,True,True,False,True,True,False,400,319,0.7975,183,0,0,4980
21x35,40,10,6,0,flex,0,True,True,True,True,True,True,False,True,False,400,319,0.7975,183,0,0,4633
21x35,40,10,6,0.1,flex,0,True,True,True,True,True,False,False,True,False,400,372,0.93,203,154,49,7717
21x35,40,10,6,0.1,flex,0,True,True,True,True,True,False,True,True,False,400,370,0.925,216,0,0,6749
21x35,40,10,6,0.1,flex,0,True,True,True,True,True,True,False,True,False,400,371,0.9275,211,0,0,7392
21x35,40,10,6,0.25,flex,0,True,True,True,True,True,False,False,True,False,400,399,0.9975,220,161,59,8305
21x35,40,10,6,0.25,flex,0,True,True,True,True,True,False,True,True,False,400,398,0.995,221,0,0,8054
21x35,40,10,6,0.25,flex,0,True,True,True,True,True,True,False,True,False,400,399,0.9975,207,0,0,7818
21x35,40,10,7,0,flex,0,True,True,True,True,True,False,False,True,False,400,322,0.805,184,136,48,4677
21x35,40,10,7,0,flex,0,True,True,True,True,True,False,True,True,False,400,324,0.81,184,0,0,4643
21x35,40,10,7,0,flex,0,True,True,True,True,True,True,False,True,False,400,320,0.8,190,0,0,3600
21x35,40,10,7,0.1,flex,0,True,True,True,True,True,False,False,True,False,400,370,0.925,218,152,66,6285
21x35,40,10,7,0.1,flex,0,True,True,True,True,True,False,True,True,False,400,370,0.925,207,0,0,7565
21x35,40,10,7,0.1,flex,0,True,True,True,True,True,True,False,True,False,400,369,0.9225,206,0,0,5935
21x35,40,10,7,0.25,flex,0,True,True,True,True,True,False,False,True,False,400,396,0.99,196,138,58,7962
21x35,40,10,7,0.25,flex,0,True,True,True,True,True,False,True,True,False,400,397,0.9925,193,0,0,8678
21x35,40,10,7,0.25,flex,0,True,True,True,True,True,True,False,True,False,400,395,0.9875,200,0,0,8222
21x35,40,10,8,0,flex,0,True,True,True,True,True,False,False,True,False,400,333,0.8325,184,130,54,5021
21x35,40,10,8,0,flex,0,True,True,True,True,True,False,True,True,False,400,331,0.8275,185,0,0,5277
21x35,40,10,8,0,flex,0,True,True,True,True,True,True,False,True,False,400,337,0.8425,175,0,0,4894
21x35,40,10,8,0.1,flex,0,True,True,True,True,True,False,False,True,False,400,375,0.9375,219,162,57,7295
21x35,40,10,8,0.1,flex,0,True,True,True,True,True,False,True,True,False,400,369,0.9225,197,0,0,6084
21x35,40,10,8,0.1,flex,0,True,True,True,True,True,True,False,True,False,400,381,0.9525,203,0,0,5691
21x35,40,10,8,0.25,flex,0,True,True,True,True,True,False,False,True,False,400,397,0.9925,187,136,51,7252
21x35,40,10,8,0.25,flex,0,True,True,True,True,True,False,True,True,False,400,397,0.9925,173,0,0,7270
21x35,40,10,8,0.25,flex,0,True,True,True,True,True,True,False,True,False,400,399,0.9975,188,0,0,7528
21x35,40,10,9,0,flex,0,True,True,True,True,True,False,False,True,False,400,330,0.825,175,134,41,6137
21x35,40,10,9,0,flex,0,True,True,True,True,True,False,True,True,False,400,318,0.795,196,0,0,4851
21x35,40,10,9,0,flex,0,True,True,True,True,True,True,False,True,False,400,334,0.835,201,0,0,4418
21x35,40,10,9,0.1,flex,0,True,True,True,True,True,False,False,True,False,400,378,0.945,208,153,55,7574
21x35,40,10,9,0.1,flex,0,True,True,True,True,True,False,True,True,False,400,379,0.9475,215,0,0,7819
21x35,40,10,9,0.1,flex,0,True,True,True,True,True,True,False,True,False,400,377,0.9425,208,0,0,5828
21x35,40,10,9,0.25,flex,0,True,True,True,True,True,False,False,True,False,400,395,0.9875,213,160,53,8383
21x35,40,10,9,0.25,flex,0,True,True,True,True,True,False,True,True,False,400,397,0.9925,203,0,0,6906
21x35,40,10,9,0.25,flex,0,True,True,True,True,True,True,False,True,False,400,394,0.985,202,0,0,6939
21x35,50,10,0,0,flex,0,True,True,True,True,True,False,False,True,False,500,400,0.8,274,205,69,9882
21x35,50,10,0,0,flex,0,True,True,True,True,True,False,True,True,False,500,393,0.786,258,0,0,10121
21x35,50,10,0,0,flex,0,True,True,True,True,True,True,False,True,False,500,391,0.782,264,0,0,8837
21x35,50,10,0,0.1,flex,0,True,True,True,True,True,False,False,True,False,500,455,0.91,301,220,81,12026
21x35,50,10,0,0.1,flex,0,True,True,True,True,True,False,True,True,False,500,439,0.878,276,0,0,9781
21x35,50,10,0,0.1,flex,0,True,True,True,True,True,True,False,True,False,500,449,0.898,279,0,0,9854
21x35,50,10,0,0.25,flex,0,True,True,True,True,True,False,False,True,False,500,492,0.984,299,213,86,14260
21x35,50,10,0,0.25,flex,0,True,True,True,True,True,False,True,True,False,500,492,0.984,284,0,0,12296
21x35,50,10,0,0.25,flex,0,True,True,True,True,True,True,False,True,False,500,492,0.984,281,0,0,12547
21x35,50,10,1,0,flex,0,True,True,True,True,True,False,False,True,False,500,401,0.802,274,190,84,9720
21x35,50,10,1,0,flex,0,True,True,True,True,True,False,True,True,False,500,405,0.81,267,0,0,9368
21x35,50,10,1,0,flex,0,True,True,True,True,True,True,False,True,False,500,400,0.8,274,0,0,9630
21x35,50,10,1,0.1,flex,0,True,True,True,True,True,False,False,True,False,500,451,0.902,306,205,101,10880
21x35,50,10,1,0.1,flex,0,True,True,True,True,True,False,True,True,False,500,448,0.896,306,0,0,10292
21x35,50,10,1,0.1,flex,0,True,True,True,True,True,True,False,True,False,500,451,0.902,290,0,0,9378
21x35,50,10,1,0.25,flex,0,True,True,True,True,True,False,False,True,False,500,491,0.982,274,181,93,13851
21x35,50,10,1,0.25,flex,0,True,True,True,True,True,False,True,True,False,500,492,0.984,293,0,0,14780
21x35,50,10,1,0.25,flex,0,True,True,True,True,True,True,False,True,False,500,491,0.982,274,0,0,13629
21x35,50,10,2,0,flex,0,True,True,True,True,True,False,False,True,False,500,408,0.816,269,196,73,9197
21x35,50,10,2,0,flex,0,True,True,True,True,True,False,True,True,False,500,396,0.792,268,0,0,10609
21x35,50,10,2,0,flex,0,True,True,True,True,True,True,False,True,False,500,396,0.792,244,0,0,8464
21x35,50,10,2,0.1,flex,0,True,True,True,True,True,False,False,True,False,500,451,0.902,302,221,81,11473
21x35,50,10,2,0.1,flex,0,True,True,True,True,True,False,True,True,False,500,448,0.896,300,0,0,11880
21x35,50,10,2,0.1,flex,0,True,True,True,True,True,True,False,True,False,500,458,0.916,287,0,0,10643
21x35,50,10,2,0.25,flex,0,True,True,True,True,True,False,False,True,False,500,494,0.988,298,219,79,16331
21x35,50,10,2,0.25,flex,0,True,True,True,True,True,False,True,True,False,500,491,0.982,284,0,0,14890
21x35,50,10,2,0.25,flex,0,True,True,True,True,True,True,False,True,False,500,495,0.99,291,0,0,12992
21x35,50,10,3,0,flex,0,True,True,True,True,True,False,False,True,False,500,387,0.774,276,189,87,8402
21x35,50,10,3,0,flex,0,True,True,True,True,True,False,True,True,False,500,377,0.754,255,0,0,7902
21x35,50,10,3,0,flex,0,True,True,True,True,True,True,False,True,False,500,397,0.794,265,0,0,6930
21x35,50,10,3,0.1,flex,0,True,True,True,True,True,False,False,True,False,500,441,0.882,303,210,93,9689
21x35,50,10,3,0.1,flex,0,True,True,True,True,True,False,True,True,False,500,436,0.872,296,0,0,9328
21x35,50,10,3,0.1,flex,0,True,True,True,True,True,True,False,True,False,500,470,0.94,298,0,0,10153
21x35,50,10,3,0.25,flex,0,True,True,True,True,True,False,False,True,False,500,494,0.988,305,206,99,12301
21x35,50,10,3,0.25,flex,0,True,True,True,True,True,False,True,True,False,500,489,0.978,312,0,0,11976
21x35,50,10,3,0.25,flex,0,True,True,True,True,True,True,False,True,False,500,472,0.944,276,0,0,11689
21x35,50,10,4,0,flex,0,True,True,True,True,True,False,False,True,False,500,401,0.802,267,187,80,9212
21x35,50,10,4,0,flex,0,True,True,True,True,True,False,True,True,False,500,398,0.796,248,0,0,7226
21x35,50,10,4,0,flex,0,True,True,True,True,True,True,False,True,False,500,400,0.8,277,0,0,7433
21x35,50,10,4,0.1,flex,0,True,True,True,True,True,False,False,True,False,500,456,0.912,284,195,89,10916
21x35,50,10,4,0.1,flex,0,True,True,True,True,True,False,True,True,False,500,442,0.884,291,0,0,9377
21x35,50,10,4,0.1,flex,0,True,True,True,True,True,True,False,True,False,500,440,0.88,274,0,0,8317
21x35,50,10,4,0.25,flex,0,True,True,True,True,True,False,False,True,False,500,493,0.986,279,192,87,12380
21x35,50,10,4,0.25,flex,0,True,True,True,True,True,False,True,True,False,500,468,0.936,291,0,0,11683
21x35,50,10,4,0.25,flex,0,True,True,True,True,True,True,False,True,False,500,490,0.98,278,0,0,12728
21x35,50,10,5,0,flex,0,True,True,True,True,True,False,False,True,False,500,405,0.81,262,193,69,8867
21x35,50,10,5,0,flex,0,True,True,True,True,True,False,True,True,False,500,413,0.826,265,0,0,8631
21x35,50,10,5,0,flex,0,True,True,True,True,True,True,False,True,False,500,397,0.794,257,0,0,7254
21x35,50,10,5,0.1,flex,0,True,True,True,True,True,False,False,True,False,500,453,0.906,296,218,78,10412
21x35,50,10,5,0.1,flex,0,True,True,True,True,True,False,True,True,False,500,454,0.908,292,0,0,10229
21x35,50,10,5,0.1,flex,0,True,True,True,True,True,True,False,True,False,500,474,0.948,295,0,0,15870
21x35,50,10,5,0.25,flex,0,True,True,True,True,True,False,False,True,False,500,475,0.95,287,210,77,15263
21x35,50,10,5,0.25,flex,0,True,True,True,True,True,False,True,True,False,500,494,0.988,279,0,0,13054
21x35,50,10,5,0.25,flex,0,True,True,True,True,True,True,False,True,False,500,490,0.98,291,0,0,16189
21x35,50,10,6,0,flex,0,True,True,True,True,True,False,False,True,False,500,388,0.776,271,199,72,8749
21x35,50,10,6,0,flex,0,True,True,True,True,True,False,True,True,False,500,381,0.762,264,0,0,8848
21x35,50,10,6,0,flex,0,True,True,True,True,True,True,False,True,False,500,397,0.794,264,0,0,7732
21x35,50,10,6,0.1,flex,0,True,True,True,True,True,False,False,True,False,500,439,0.878,296,212,84,11534
21x35,50,10,6,0.1,flex,0,True,True,True,True,True,False,True,True,False,500,426,0.852,289,0,0,10180
21x35,50,10,6,0.1,flex,0,True,True,True,True,True,True,False,True,False,500,448,0.896,308,0,0,10067
21x35,50,10,6,0.25,flex,0,True,True,True,True,True,False,False,True,False,500,494,0.988,292,211,81,17246
21x35,50,10,6,0.25,flex,0,True,True,True,True,True,False,True,True,False,500,494,0.988,288,0,0,15653
21x35,50,10,6,0.25,flex,0,True,True,True,True,True,True,False,True,False,500,491,0.982,281,0,0,13682
21x35,50,10,7,0,flex,0,True,True,True,True,True,False,False,True,False,500,389,0.778,274,193,81,8980
21x35,50,10,7,0,flex,0,True,True,True,True,True,False,True,True,False,500,394,0.788,269,0,0,8071
21x35,50,10,7,0,flex,0,True,True,True,True,True,True,False,True,False,500,400,0.8,263,0,0,6751
21x35,50,10,7,0.1,flex,0,True,True,True,True,True,False,False,True,False,500,439,0.878,277,199,78,10550
21x35,50,10,7,0.1,flex,0,True,True,True,True,True,False,True,True,False,500,449,0.898,293,0,0,10652
21x35,50,10,7,0.1,flex,0,True,True,True,True,True,True,False,True,False,500,456,0.912,284,0,0,8891
21x35,50,10,7,0.25,flex,0,True,True,True,True,True,False,False,True,False,500,493,0.986,285,199,86,13463
21x35,50,10,7,0.25,flex,0,True,True,True,True,True,False,True,True,False,500,493,0.986,277,0,0,14053
21x35,50,10,7,0.25,flex,0,True,True,True,True,True,True,False,True,False,500,461,0.922,261,0,0,15748
21x35,50,10,8,0,flex,0,True,True,True,True,True,False,False,True,False,500,390,0.78,258,191,67,9205
21x35,50,10,8,0,flex,0,True,True,True,True,True,False,True,True,False,500,381,0.762,258,0,0,8371
21x35,50,10,8,0,flex,0,True,True,True,True,True,True,False,True,False,500,398,0.796,248,0,0,6776
21x35,50,10,8,0.1,flex,0,True,True,True,True,True,False,False,True,False,500,444,0.888,301,214,87,11691
21x35,50,10,8,0.1,flex,0,True,True,True,True,True,False,True,True,False,500,442,0.884,287,0,0,10667
21x35,50,10,8,0.1,flex,0,True,True,True,True,True,True,False,True,False,500,444,0.888,282,0,0,7887
21x35,50,10,8,0.25,flex,0,True,True,True,True,True,False,False,True,False,500,488,0.976,266,189,77,13123
21x35,50,10,8,0.25,flex,0,True,True,True,True,True,False,True,True,False,500,495,0.99,277,0,0,14281
21x35,50,10,8,0.25,flex,0,True,True,True,True,True,True,False,True,False,500,493,0.986,273,0,0,14258
21x35,50,10,9,0,flex,0,True,True,True,True,True,False,False,True,False,500,397,0.794,253,188,65,9071
21x35,50,10,9,0,flex,0,True,True,True,True,True,False,True,True,False,500,400,0.8,254,0,0,9798
21x35,50,10,9,0,flex,0,True,True,True,True,True,True,False,True,False,500,390,0.78,268,0,0,7975
21x35,50,10,9,0.1,flex,0,True,True,True,True,True,False,False,True,False,500,446,0.892,288,210,78,13008
21x35,50,10,9,0.1,flex,0,True,True,True,True,True,False,True,True,False,500,439,0.878,310,0,0,10496
21x35,50,10,9,0.1,flex,0,True,True,True,True,True,True,False,True,False,500,444,0.888,286,0,0,8784
21x35,50,10,9,0.25,flex,0,True,True,True,True,True,False,False,True,False,500,494,0.988,306,219,87,12505
21x35,50,10,9,0.25,flex,0,True,True,True,True,True,False,True,True,False,500,496,0.992,293,0,0,15161
21x35,50,10,9,0.25,flex,0,True,True,True,True,True,True,False,True,False,500,443,0.886,252,0,0,11731
33x46,120,10,0,0,flex,0,True,True,True,True,True,False,False,True,False,1200,948,0.79,695,509,186,109114
33x46,120,10,0,0,flex,0,True,True,True,True,True,False,True,True,False,1200,948,0.79,671,0,0,120688
33x46,120,10,0,0,flex,0,True,True,True,True,True,True,False,True,False,1200,961,0.8008333333333333,673,0,0,104847
33x46,120,10,0,0.1,flex,0,True,True,True,True,True,False,False,True,False,1200,1051,0.8758333333333334,744,534,210,119361
33x46,120,10,0,0.1,flex,0,True,True,True,True,True,False,True,True,False,1200,1068,0.89,746,0,0,135410
33x46,120,10,0,0.1,flex,0,True,True,True,True,True,True,False,True,False,1200,1075,0.8958333333333334,753,0,0,105762
33x46,120,10,0,0.25,flex,0,True,True,True,True,True,False,False,True,False,1200,1182,0.985,783,560,223,173742
33x46,120,10,0,0.25,flex,0,True,True,True,True,True,False,True,True,False,1200,1139,0.9491666666666667,764,0,0,187120
33x46,120,10,0,0.25,flex,0,True,True,True,True,True,True,False,True,False,1200,1177,0.9808333333333333,766,0,0,185865
33x46,120,10,1,0,flex,0,True,True,True,True,True,False,False,True,False,1200,928,0.7733333333333333,644,474,170,118688
33x46,120,10,1,0,flex,0,True,True,True,True,True,False,True,True,False,1200,939,0.7825,657,0,0,110526
33x46,120,10,1,0,flex,0,True,True,True,True,True,True,False,True,False,1200,944,0.7866666666666666,691,0,0,96646
33x46,120,10,1,0.1,flex,0,True,True,True,True,True,False,False,True,False,1200,1040,0.8666666666666667,785,593,192,114323
33x46,120,10,1,0.1,flex,0,True,True,True,True,True,False,True,True,False,1200,1039,0.8658333333333333,762,0,0,127269
33x46,120,10,1,0.1,flex,0,True,True,True,True,True,True,False,True,False,1200,1065,0.8875,750,0,0,125675
33x46,120,10,1,0.25,flex,0,True,True,True,True,True,False,False,True,False,1200,1183,0.9858333333333333,762,541,221,166624
33x46,120,10,1,0.25,flex,0,True,True,True,True,True,False,True,True,False,1200,1156,0.9633333333333334,737,0,0,158332
33x46,120,10,1,0.25,flex,0,True,True,True,True,True,True,False,True,False,1200,1184,0.9866666666666667,737,0,0,145800
33x46,120,10,2,0,flex,0,True,True,True,True,True,False,False,True,False,1200,907,0.7558333333333334,662,491,171,125688
33x46,120,10,2,0,flex,0,True,True,True,True,True,False,True,True,False,1200,918,0.765,671,0,0,124245
33x46,120,10,2,0,flex,0,True,True,True,True,True,True,False,True,False,1200,911,0.7591666666666667,666,0,0,83339
33x46,120,10,2,0.1,flex,0,True,True,True,True,True,False,False,True,False,1200,1035,0.8625,753,547,206,127738
33x46,120,10,2,0.1,flex,0,True,True,True,True,True,False,True,True,False,1200,1043,0.8691666666666666,730,0,0,137158
33x46,120,10,2,0.1,flex,0,True,True,True,True,True,True,False,True,False,1200,1028,0.8566666666666667,735,0,0,109141
33x46,120,10,2,0.25,flex,0,True,True,True,True,True,False,False,True,False,1200,1177,0.9808333333333333,802,603,199,196910
33x46,120,10,2,0.25,flex,0,True,True,True,True,True,False,True,True,False,1200,1176,0.98,768,0,0,181382
33x46,120,10,2,0.25,flex,0,True,True,True,True,True,True,False,True,False,1200,1168,0.9733333333333334,764,0,0,189823
33x46,120,10,3,0,flex,0,True,True,True,True,True,False,False,True,False,1200,914,0.7616666666666667,665,496,169,118303
33x46,120,10,3,0,flex,0,True,True,True,True,True,False,True,True,False,1200,932,0.7766666666666666,653,0,0,118421
33x46,120,10,3,0,flex,0,True,True,True,True,True,True,False,True,False,1200,947,0.7891666666666667,684,0,0,95320
33x46,120,10,3,0.1,flex,0,True,True,True,True,True,False,False,True,False,1200,1034,0.8616666666666667,714,522,192,146512
33x46,120,10,3,0.1,flex,0,True,True,True,True,True,False,True,True,False,1200,1026,0.855,709,0,0,124858
33x46,120,10,3,0.1,flex,0,True,True,True,True,True,True,False,True,False,1200,1056,0.88,709,0,0,129352
33x46,120,10,3,0.25,flex,0,True,True,True,True,True,False,False,True,False,1200,1165,0.9708333333333333,777,557,220,190322
33x46,120,10,3,0.25,flex,0,True,True,True,True,True,False,True,True,False,1200,1180,0.9833333333333333,773,0,0,171099
33x46,120,10,3,0.25,flex,0,True,True,True,True,True,True,False,True,False,1200,1179,0.9825,761,0,0,155407
33x46,120,10,4,0,flex,0,True,True,True,True,True,False,False,True,False,1200,932,0.7766666666666666,680,496,184,111958
33x46,120,10,4,0,flex,0,True,True,True,True,True,False,True,True,False,1200,937,0.7808333333333334,673,0,0,125545
33x46,120,10,4,0,flex,0,True,True,True,True,True,True,False,True,False,1200,937,0.7808333333333334,648,0,0,117590
33x46,120,10,4,0.1,flex,0,True,True,True,True,True,False,False,True,False,1200,1042,0.8683333333333333,742,557,185,152731
33x46,120,10,4,0.1,flex,0,True,True,True,True,True,False,True,True,False,1200,1023,0.8525,781,0,0,132087
33x46,120,10,4,0.1,flex,0,True,True,True,True,True,True,False,True,False,1200,1049,0.8741666666666666,756,0,0,106840
33x46,120,10,4,0.25,flex,0,True,True,True,True,True,False,False,True,False,1200,1176,0.98,805,601,204,187321
33x46,120,10,4,0.25,flex,0,True,True,True,True,True,False,True,True,False,1200,1127,0.9391666666666667,731,0,0,158784
33x46,120,10,4,0.25,flex,0,True,True,True,True,True,True,False,True,False,1200,1124,0.9366666666666666,742,0,0,198175
33x46,120,10,5,0,flex,0,True,True,True,True,True,False,False,True,False,1200,912,0.76,650,475,175,118930
33x46,120,10,5,0,flex,0,True,True,True,True,True,False,True,True,False,1200,909,0.7575,660,0,0,123547
33x46,120,10,5,0,flex,0,True,True,True,True,True,True,False,True,False,1200,928,0.7733333333333333,676,0,0,95399
33x46,120,10,5,0.1,flex,0,True,True,True,True,True,False,False,True,False,1200,1039,0.8658333333333333,758,563,195,137396
33x46,120,10,5,0.1,flex,0,True,True,True,True,True,False,True,True,False,1200,1021,0.8508333333333333,742,0,0,123838
33x46,120,10,5,0.1,flex,0,True,True,True,True,True,True,False,True,False,1200,1045,0.8708333333333333,751,0,0,110946
33x46,120,10,5,0.25,flex,0,True,True,True,True,True,False,False,True,False,1200,1179,0.9825,789,566,223,173538
33x46,120,10,5,0.25,flex,0,True,True,True,True,True,False,True,True,False,1200,1181,0.9841666666666666,787,0,0,197202
33x46,120,10,5,0.25,flex,0,True,True,True,True,True,True,False,True,False,1200,1149,0.9575,777,0,0,122905
33x46,120,10,6,0,flex,0,True,True,True,True,True,False,False,True,False,1200,915,0.7625,663,507,156,103203
33x46,120,10,6,0,flex,0,True,True,True,True,True,False,True,True,False,1200,905,0.7541666666666667,651,0,0,111392
33x46,120,10,6,0,flex,0,True,True,True,True,True,True,False,True,False,1200,944,0.7866666666666666,687,0,0,96253
33x46,120,10,6,0.1,flex,0,True,True,True,True,True,False,False,True,False,1200,1016,0.8466666666666667,710,523,187,134272
33x46,120,10,6,0.1,flex,0,True,True,True,True,True,False,True,True,False,1200,1056,0.88,767,0,0,132436
33x46,120,10,6,0.1,flex,0,True,True,True,True,True,True,False,True,False,1200,1053,0.8775,725,0,0,112302
33x46,120,10,6,0.25,flex,0,True,True,True,True,True,False,False,True,False,1200,1182,0.985,787,576,211,146185
33x46,120,10,6,0.25,flex,0,True,True,True,True,True,False,True,True,False,1200,1057,0.8808333333333334,710,0,0,153509
33x46,120,10,6,0.25,flex,0,True,True,True,True,True,True,False,True,False,1200,1183,0.9858333333333333,757,0,0,176178
33x46,120,10,7,0,flex,0,True,True,True,True,True,False,False,True,False,1200,932,0.7766666666666666,677,488,189,131391
33x46,120,10,7,0,flex,0,True,True,True,True,True,False,True,True,False,1200,934,0.7783333333333333,681,0,0,121468
33x46,120,10,7,0,flex,0,True,True,True,True,True,True,False,True,False,1200,941,0.7841666666666667,706,0,0,99250
33x46,120,10,7,0.1,flex,0,True,True,True,True,True,False,False,True,False,1200,1038,0.865,764,562,202,128297
33x46,120,10,7,0.1,flex,0,True,True,True,True,True,False,True,True,False,1200,1042,0.8683333333333333,763,0,0,133181
33x46,120,10,7,0.1,flex,0,True,True,True,True,True,True,False,True,False,1200,1051,0.8758333333333334,766,0,0,102358
33x46,120,10,7,0.25,flex,0,True,True,True,True,True,False,False,True,False,1200,1175,0.9791666666666666,767,570,197,171763
33x46,120,10,7,0.25,flex,0,True,True,True,True,True,False,True,True,False,1200,1174,0.9783333333333334,783,0,0,151085
33x46,120,10,7,0.25,flex,0,True,True,True,True,True,True,False,True,False,1200,1171,0.9758333333333333,765,0,0,143381
33x46,120,10,8,0,flex,0,True,True,True,True,True,False,False,True,False,1200,922,0.7683333333333333,677,499,178,125896
33x46,120,10,8,0,flex,0,True,True,True,True,True,False,True,True,False,1200,930,0.775,718,0,0,136991
33x46,120,10,8,0,flex,0,True,True,True,True,True,True,False,True,False,1200,922,0.7683333333333333,671,0,0,95330
33x46,120,10,8,0.1,flex,0,True,True,True,True,True,False,False,True,False,1200,1054,0.8783333333333333,767,557,210,140386
33x46,120,10,8,0.1,flex,0,True,True,True,True,True,False,True,True,False,1200,1038,0.865,770,0,0,124314
33x46,120,10,8,0.1,flex,0,True,True,True,True,True,True,False,True,False,1200,1042,0.8683333333333333,723,0,0,108320
33x46,120,10,8,0.25,flex,0,True,True,True,True,True,False,False,True,False,1200,1162,0.9683333333333334,779,549,230,246603
33x46,120,10,8,0.25,flex,0,True,True,True,True,True,False,True,True,False,1200,1181,0.9841666666666666,786,0,0,160297
33x46,120,10,8,0.25,flex,0,True,True,True,True,True,True,False,True,False,1200,1182,0.985,778,0,0,203281
33x46,120,10,9,0,flex,0,True,True,True,True,True,False,False,True,False,1200,927,0.7725,669,506,163,134382
33x46,120,10,9,0,flex,0,True,True,True,True,True,False,True,True,False,1200,953,0.7941666666666667,723,0,0,124467
33x46,120,10,9,0,flex,0,True,True,True,True,True,True,False,True,False,1200,948,0.79,673,0,0,94596
33x46,120,10,9,0.1,flex,0,True,True,True,True,True,False,False,True,False,1200,1040,0.8666666666666667,735,540,195,137722
33x46,120,10,9,0.1,flex,0,True,True,True,True,True,False,True,True,False,1200,1043,0.8691666666666666,746,0,0,135026
33x46,120,10,9,0.1,flex,0,True,True,True,True,True,True,False,True,False,1200,1065,0.8875,767,0,0,114024
33x46,120,10,9,0.25,flex,0,True,True,True,True,True,False,False,True,False,1200,1175,0.9791666666666666,765,536,229,206708
33x46,120,10,9,0.25,flex,0,True,True,True,True,True,False,True,True,False,1200,1163,0.9691666666666666,759,0,0,194806
33x46,120,10,9,0.25,flex,0,True,True,True,True,True,True,False,True,False,1200,1120,0.9333333333333333,701,0,0,210933
33x46,150,10,0,0,flex,0,True,True,True,True,True,False,False,True,False,1500,1088,0.7253333333333334,874,635,239,255388
33x46,150,10,0,0,flex,0,True,True,True,True,True,False,True,True,False,1500,1068,0.712,873,0,0,246059
33x46,150,10,0,0,flex,0,True,True,True,True,True,True,False,True,False,1500,1091,0.7273333333333334,887,0,0,206239
33x46,150,10,0,0.1,flex,0,True,True,True,True,True,False,False,True,False,1500,1251,0.834,961,676,285,300900
33x46,150,10,0,0.1,flex,0,True,True,True,True,True,False,True,True,False,1500,1234,0.8226666666666667,985,0,0,251204
33x46,150,10,0,0.1,flex,0,True,True,True,True,True,True,False,True,False,1500,1259,0.8393333333333334,985,0,0,217737
33x46,150,10,0,0.25,flex,0,True,True,True,True,True,False,False,True,False,1500,1448,0.9653333333333334,1077,750,327,391206
33x46,150,10,0,0.25,flex,0,True,True,True,True,True,False,True,True,False,1500,1443,0.962,1095,0,0,415080
33x46,150,10,0,0.25,flex,0,True,True,True,True,True,True,False,True,False,1500,1361,0.9073333333333333,1013,0,0,295514
33x46,150,10,1,0,flex,0,True,True,True,True,True,False,False,True,False,1500,1119,0.746,901,653,248,245779
33x46,150,10,1,0,flex,0,True,True,True,True,True,False,True,True,False,1500,1115,0.7433333333333333,888,0,0,228519
33x46,150,10,1,0,flex,0,True,True,True,True,True,True,False,True,False,1500,1116,0.744,875,0,0,172450
33x46,150,10,1,0.1,flex,0,True,True,True,True,True,False,False,True,False,1500,1215,0.81,966,680,286,234973
33x46,150,10,1,0.1,flex,0,True,True,True,True,True,False,True,True,False,1500,1238,0.8253333333333334,984,0,0,225808
33x46,150,10,1,0.1,flex,0,True,True,True,True,True,True,False,True,False,1500,1231,0.8206666666666667,969,0,0,188763
33x46,150,10,1,0.25,flex,0,True,True,True,True,True,False,False,True,False,1500,1452,0.968,1067,724,343,308307
33x46,150,10,1,0.25,flex,0,True,True,True,True,True,False,True,True,False,1500,1433,0.9553333333333334,1021,0,0,311416
33x46,150,10,1,0.25,flex,0,True,True,True,True,True,True,False,True,False,1500,1462,0.9746666666666667,1092,0,0,331711
33x46,150,10,2,0,flex,0,True,True,True,True,True,False,False,True,False,1500,1057,0.7046666666666667,830,606,224,246988
33x46,150,10,2,0,flex,0,True,True,True,True,True,False,True,True,False,1500,1085,0.7233333333333334,863,0,0,237192
33x46,150,10,2,0,flex,0,True,True,True,True,True,True,False,True,False,1500,1084,0.7226666666666667,852,0,0,216165
33x46,150,10,2,0.1,flex,0,True,True,True,True,True,False,False,True,False,1500,1223,0.8153333333333334,951,688,263,251966
33x46,150,10,2,0.1,flex,0,True,True,True,True,True,False,True,True,False,1500,1225,0.8166666666666667,946,0,0,261404
33x46,150,10,2,0.1,flex,0,True,True,True,True,True,True,False,True,False,1500,1210,0.8066666666666666,954,0,0,198705
33x46,150,10,2,0.25,flex,0,True,True,True,True,True,False,False,True,False,1500,1396,0.9306666666666666,1014,709,305,347168
33x46,150,10,2,0.25,flex,0,True,True,True,True,True,False,True,True,False,1500,1443,0.962,1111,0,0,355781
33x46,150,10,2,0.25,flex,0,True,True,True,True,True,True,False,True,False,1500,1448,0.9653333333333334,1037,0,0,390864
33x46,150,10,3,0,flex,0,True,True,True,True,True,False,False,True,False,1500,1120,0.7466666666666667,895,644,251,236746
33x46,150,10,3,0,flex,0,True,True,True,True,True,False,True,True,False,1500,1098,0.732,865,0,0,224589
33x46,150,10,3,0,flex,0,True,True,True,True,True,True,False,True,False,1500,1085,0.7233333333333334,841,0,0,177845
33x46,150,10,3,0.1,flex,0,True,True,True,True,True,False,False,True,False,1500,1223,0.8153333333333334,937,654,283,266622
33x46,150,10,3,0.1,flex,0,True,True,True,True,True,False,True,True,False,1500,1213,0.8086666666666666,963,0,0,240202
33x46,150,10,3,0.1,flex,0,True,True,True,True,True,True,False,True,False,1500,1236,0.824,954,0,0,218519
33x46,150,10,3,0.25,flex,0,True,True,True,True,True,False,False,True,False,1500,1459,0.9726666666666667,1034,727,307,392182
33x46,150,10,3,0.25,flex,0,True,True,True,True,True,False,True,True,False,1500,1435,0.9566666666666667,1073,0,0,358146
33x46,150,10,3,0.25,flex,0,True,True,True,True,True,True,False,True,False,1500,1443,0.962,1055,0,0,351974
33x46,150,10,4,0,flex,0,True,True,True,True,True,False,False,True,False,1500,1110,0.74,903,640,263,225400
33x46,150,10,4,0,flex,0,True,True,True,True,True,False,True,True,False,1500,1073,0.7153333333333334,888,0,0,255098
33x46,150,10,4,0,flex,0,True,True,True,True,True,True,False,True,False,1500,1114,0.7426666666666667,874,0,0,198519
33x46,150,10,4,0.1,flex,0,True,True,True,True,True,False,False,True,False,1500,1246,0.8306666666666667,998,691,307,267101
33x46,150,10,4,0.1,flex,0,True,True,True,True,True,False,True,True,False,1500,1225,0.8166666666666667,986,0,0,258764
33x46,150,10,4,0.1,flex,0,True,True,True,True,True,True,False,True,False,1500,1233,0.822,954,0,0,199511
33x46,150,10,4,0.25,flex,0,True,True,True,True,True,False,False,True,False,1500,1462,0.9746666666666667,1096,757,339,349863
33x46,150,10,4,0.25,flex,0,True,True,True,True,True,False,True,True,False,1500,1420,0.9466666666666667,1074,0,0,346391
33x46,150,10,4,0.25,flex,0,True,True,True,True,True,True,False,True,False,1500,1447,0.9646666666666667,1090,0,0,343450
33x46,150,10,5,0,flex,0,True,True,True,True,True,False,False,True,False,1500,1105,0.7366666666666667,888,634,254,232147
33x46,150,10,5,0,flex,0,True,True,True,True,True,False,True,True,False,1500,1100,0.7333333333333333,870,0,0,217245
33x46,150,10,5,0,flex,0,True,True,True,True,True,True,False,True,False,1500,1120,0.7466666666666667,888,0,0,185630
33x46,150,10,5,0.1,flex,0,True,True,True,True,True,False,False,True,False,1500,1233,0.822,976,689,287,268851
33x46,150,10,5,0.1,flex,0,True,True,True,True,True,False,True,True,False,1500,1228,0.8186666666666667,964,0,0,255247
33x46,150,10,5,0.1,flex,0,True,True,True,True,True,True,False,True,False,1500,1258,0.8386666666666667,945,0,0,244248
33x46,150,10,5,0.25,flex,0,True,True,True,True,True,False,False,True,False,1500,1468,0.9786666666666667,1104,763,341,360512
33x46,150,10,5,0.25,flex,0,True,True,True,True,True,False,True,True,False,1500,1448,0.9653333333333334,1091,0,0,374117
33x46,150,10,5,0.25,flex,0,True,True,True,True,True,True,False,True,False,1500,1473,0.982,1075,0,0,337140
33x46,150,10,6,0,flex,0,True,True,True,True,True,False,False,True,False,1500,1109,0.7393333333333333,899,658,241,225352
33x46,150,10,6,0,flex,0,True,True,True,True,True,False,True,True,False,1500,1067,0.7113333333333334,867,0,0,232475
33x46,150,10,6,0,flex,0,True,True,True,True,True,True,False,True,False,1500,1110,0.74,893,0,0,201683
33x46,150,10,6,0.1,flex,0,True,True,True,True,True,False,False,True,False,1500,1217,0.8113333333333334,971,705,266,242268
33x46,150,10,6,0.1,flex,0,True,True,True,True,True,False,True,True,False,1500,1199,0.7993333333333333,961,0,0,235756
33x46,150,10,6,0.1,flex,0,True,True,True,True,True,True,False,True,False,1500,1234,0.8226666666666667,966,0,0,193898
33x46,150,10,6,0.25,flex,0,True,True,True,True,True,False,False,True,False,1500,1446,0.964,1128,800,328,340291
33x46,150,10,6,0.25,flex,0,True,True,True,True,True,False,True,True,False,1500,1442,0.9613333333333334,1096,0,0,380087
33x46,150,10,6,0.25,flex,0,True,True,True,True,True,True,False,True,False,1500,1446,0.964,1088,0,0,413567
33x46,150,10,7,0,flex,0,True,True,True,True,True,False,False,True,False,1500,1103,0.7353333333333333,878,620,258,226216
33x46,150,10,7,0,flex,0,True,True,True,True,True,False,True,True,False,1500,1077,0.718,866,0,0,247179
33x46,150,10,7,0,flex,0,True,True,True,True,True,True,False,True,False,1500,1109,0.7393333333333333,856,0,0,199309
33x46,150,10,7,0.1,flex,0,True,True,True,True,True,False,False,True,False,1500,1241,0.8273333333333334,965,674,291,304362
33x46,150,10,7,0.1,flex,0,True,True,True,True,True,False,True,True,False,1500,1239,0.826,994,0,0,264140
33x46,150,10,7,0.1,flex,0,True,True,True,True,True,True,False,True,False,1500,1232,0.8213333333333334,960,0,0,222447
33x46,150,10,7,0.25,flex,0,True,True,True,True,True,False,False,True,False,1500,1410,0.94,1045,711,334,355203
33x46,150,10,7,0.25,flex,0,True,True,True,True,True,False,True,True,False,1500,1459,0.9726666666666667,1112,0,0,371533
33x46,150,10,7,0.25,flex,0,True,True,True,True,True,True,False,True,False,1500,1446,0.964,1085,0,0,388380
33x46,150,10,8,0,flex,0,True,True,True,True,True,False,False,True,False,1500,1098,0.732,896,627,269,258560
33x46,150,10,8,0,flex,0,True,True,True,True,True,False,True,True,False,1500,1110,0.74,907,0,0,242272
33x46,150,10,8,0,flex,0,True,True,True,True,True,True,False,True,False,1500,1098,0.732,861,0,0,202960
33x46,150,10,8,0.1,flex,0,True,True,True,True,True,False,False,True,False,1500,1240,0.8266666666666667,985,653,332,298071
33x46,150,10,8,0.1,flex,0,True,True,True,True,True,False,True,True,False,1500,1221,0.814,983,0,0,262003
33x46,150,10,8,0.1,flex,0,True,True,True,True,True,True,False,True,False,1500,1241,0.8273333333333334,988,0,0,252116
33x46,150,10,8,0.25,flex,0,True,True,True,True,True,False,False,True,False,1500,1414,0.9426666666666667,1119,771,348,354203
33x46,150,10,8,0.25,flex,0,True,True,True,True,True,False,True,True,False,1500,1406,0.9373333333333334,1123,0,0,412027
33x46,150,10,8,0.25,flex,0,True,True,True,True,True,True,False,True,False,1500,1398,0.932,1030,0,0,344367
33x46,150,10,9,0,flex,0,True,True,True,True,True,False,False,True,False,1500,1101,0.734,885,628,257,217191
33x46,150,10,9,0,flex,0,True,True,True,True,True,False,True,True,False,1500,1077,0.718,855,0,0,247170
33x46,150,10,9,0,flex,0,True,True,True,True,True,True,False,True,False,1500,1109,0.7393333333333333,899,0,0,186997
33x46,150,10,9,0.1,flex,0,True,True,True,True,True,False,False,True,False,1500,1233,0.822,966,685,281,254126
33x46,150,10,9,0.1,flex,0,True,True,True,True,True,False,True,True,False,1500,1222,0.8146666666666667,958,0,0,263291
33x46,150,10,9,0.1,flex,0,True,True,True,True,True,True,False,True,False,1500,1244,0.8293333333333334,971,0,0,210819
33x46,150,10,9,0.25,flex,0,True,True,True,True,True,False,False,True,False,1500,1376,0.9173333333333333,1020,716,304,316509
33x46,150,10,9,0.25,flex,0,True,True,True,True,True,False,True,True,False,1500,1450,0.9666666666666667,1092,0,0,364547
33x46,150,10,9,0.25,flex,0,True,True,True,True,True,True,False,True,False,1500,1466,0.9773333333333334,1050,0,0,433055
33x46,180,10,0,0,flex,0,True,True,True,True,True,False,False,True,False,1800,1237,0.6872222222222222,1051,708,343,385372
33x46,180,10,0,0,flex,0,True,True,True,True,True,False,True,True,False,1800,1258,0.6988888888888889,1050,0,0,449503
33x46,180,10,0,0,flex,0,True,True,True,True,True,True,False,True,False,1800,1259,0.6994444444444444,1061,0,0,379685
33x46,180,10,0,0.1,flex,0,True,True,True,True,True,False,False,True,False,1800,1392,0.7733333333333333,1157,801,356,427841
33x46,180,10,0,0.1,flex,0,True,True,True,True,True,False,True,True,False,1800,1394,0.7744444444444445,1173,0,0,440683
33x46,180,10,0,0.1,flex,0,True,True,True,True,True,True,False,True,False,1800,1416,0.7866666666666666,1162,0,0,397101
33x46,180,10,0,0.25,flex,0,True,True,True,True,True,False,False,True,False,1800,1580,0.8777777777777778,1235,828,407,552119
33x46,180,10,0,0.25,flex,0,True,True,True,True,True,False,True,True,False,1800,1663,0.9238888888888889,1379,0,0,632820
33x46,180,10,0,0.25,flex,0,True,True,True,True,True,True,False,True,False,1800,1667,0.9261111111111111,1376,0,0,554486
33x46,180,10,1,0,flex,0,True,True,True,True,True,False,False,True,False,1800,1268,0.7044444444444444,1065,743,322,415907
33x46,180,10,1,0,flex,0,True,True,True,True,True,False,True,True,False,1800,1257,0.6983333333333334,1081,0,0,402877
33x46,180,10,1,0,flex,0,True,True,True,True,True,True,False,True,False,1800,1269,0.705,1060,0,0,350711
33x46,180,10,1,0.1,flex,0,True,True,True,True,True,False,False,True,False,1800,1390,0.7722222222222223,1164,793,371,486642
33x46,180,10,1,0.1,flex,0,True,True,True,True,True,False,True,True,False,1800,1406,0.7811111111111111,1174,0,0,457184
33x46,180,10,1,0.1,flex,0,True,True,True,True,True,True,False,True,False,1800,1400,0.7777777777777778,1180,0,0,359741
33x46,180,10,1,0.25,flex,0,True,True,True,True,True,False,False,True,False,1800,1641,0.9116666666666666,1329,894,435,605468
33x46,180,10,1,0.25,flex,0,True,True,True,True,True,False,True,True,False,1800,1665,0.925,1384,0,0,599203
33x46,180,10,1,0.25,flex,0,True,True,True,True,True,True,False,True,False,1800,1595,0.8861111111111111,1249,0,0,660075
33x46,180,10,2,0,flex,0,True,True,True,True,True,False,False,True,False,1800,1231,0.6838888888888889,1045,707,338,457310
33x46,180,10,2,0,flex,0,True,True,True,True,True,False,True,True,False,1800,1225,0.6805555555555556,1037,0,0,491180
33x46,180,10,2,0,flex,0,True,True,True,True,True,True,False,True,False,1800,1242,0.69,1032,0,0,357201
33x46,180,10,2,0.1,flex,0,True,True,True,True,True,False,False,True,False,1800,1365,0.7583333333333333,1154,791,363,492239
33x46,180,10,2,0.1,flex,0,True,True,True,True,True,False,True,True,False,1800,1411,0.7838888888888889,1192,0,0,522239
33x46,180,10,2,0.1,flex,0,True,True,True,True,True,True,False,True,False,1800,1413,0.785,1195,0,0,454852
33x46,180,10,2,0.25,flex,0,True,True,True,True,True,False,False,True,False,1800,1643,0.9127777777777778,1330,916,414,668483
33x46,180,10,2,0.25,flex,0,True,True,True,True,True,False,True,True,False,1800,1628,0.9044444444444445,1305,0,0,807286
33x46,180,10,2,0.25,flex,0,True,True,True,True,True,True,False,True,False,1800,1648,0.9155555555555556,1342,0,0,653513
33x46,180,10,3,0,flex,0,True,True,True,True,True,False,False,True,False,1800,1243,0.6905555555555556,1052,720,332,449268
33x46,180,10,3,0,flex,0,True,True,True,True,True,False,True,True,False,1800,1242,0.69,1045,0,0,477639
33x46,180,10,3,0,flex,0,True,True,True,True,True,True,False,True,False,1800,1248,0.6933333333333334,1052,0,0,364438
33x46,180,10,3,0.1,flex,0,True,True,True,True,True,False,False,True,False,1800,1387,0.7705555555555555,1169,775,394,470714
33x46,180,10,3,0.1,flex,0,True,True,True,True,True,False,True,True,False,1800,1400,0.7777777777777778,1163,0,0,501998
33x46,180,10,3,0.1,flex,0,True,True,True,True,True,True,False,True,False,1800,1412,0.7844444444444445,1176,0,0,346618
33x46,180,10,3,0.25,flex,0,True,True,True,True,True,False,False,True,False,1800,1619,0.8994444444444445,1332,910,422,646920
33x46,180,10,3,0.25,flex,0,True,True,True,True,True,False,True,True,False,1800,1625,0.9027777777777778,1325,0,0,596919
33x46,180,10,3,0.25,flex,0,True,True,True,True,True,True,False,True,False,1800,1686,0.9366666666666666,1352,0,0,530887
33x46,180,10,4,0,flex,0,True,True,True,True,True,False,False,True,False,1800,1247,0.6927777777777778,1081,741,340,468263
33x46,180,10,4,0,flex,0,True,True,True,True,True,False,True,True,False,1800,1241,0.6894444444444444,1052,0,0,492017
33x46,180,10,4,0,flex,0,True,True,True,True,True,True,False,True,False,1800,1239,0.6883333333333334,1058,0,0,363315
33x46,180,10,4,0.1,flex,0,True,True,True,True,True,False,False,True,False,1800,1408,0.7822222222222223,1201,814,387,485590
33x46,180,10,4,0.1,flex,0,True,True,True,True,True,False,True,True,False,1800,1388,0.7711111111111111,1191,0,0,466176
33x46,180,10,4,0.1,flex,0,True,True,True,True,True,True,False,True,False,1800,1421,0.7894444444444444,1213,0,0,365711
33x46,180,10,4,0.25,flex,0,True,True,True,True,True,False,False,True,False,1800,1595,0.8861111111111111,1249,824,425,756558
33x46,180,10,4,0.25,flex,0,True,True,True,True,True,False,True,True,False,1800,1637,0.9094444444444445,1355,0,0,698385
33x46,180,10,4,0.25,flex,0,True,True,True,True,True,True,False,True,False,1800,1571,0.8727777777777778,1267,0,0,582134
33x46,180,10,5,0,flex,0,True,True,True,True,True,False,False,True,False,1800,1265,0.7027777777777777,1078,743,335,452250
33x46,180,10,5,0,flex,0,True,True,True,True,True,False,True,True,False,1800,1260,0.7,1048,0,0,410088
33x46,180,10,5,0,flex,0,True,True,True,True,True,True,False,True,False,1800,1279,0.7105555555555556,1061,0,0,342935
33x46,180,10,5,0.1,flex,0,True,True,True,True,True,False,False,True,False,1800,1399,0.7772222222222223,1183,813,370,485381
33x46,180,10,5,0.1,flex,0,True,True,True,True,True,False,True,True,False,1800,1409,0.7827777777777778,1183,0,0,463942
33x46,180,10,5,0.1,flex,0,True,True,True,True,True,True,False,True,False,1800,1427,0.7927777777777778,1197,0,0,339646
33x46,180,10,5,0.25,flex,0,True,True,True,True,True,False,False,True,False,1800,1648,0.9155555555555556,1350,910,440,671951
33x46,180,10,5,0.25,flex,0,True,True,True,True,True,False,True,True,False,1800,1650,0.9166666666666666,1362,0,0,708142
33x46,180,10,5,0.25,flex,0,True,True,True,True,True,True,False,True,False,1800,1632,0.9066666666666666,1296,0,0,578189
33x46,180,10,6,0,flex,0,True,True,True,True,True,False,False,True,False,1800,1251,0.695,1068,740,328,414121
33x46,180,10,6,0,flex,0,True,True,True,True,True,False,True,True,False,1800,1242,0.69,1055,0,0,457866
33x46,180,10,6,0,flex,0,True,True,True,True,True,True,False,True,False,1800,1247,0.6927777777777778,1067,0,0,1627369
33x46,180,10,6,0.1,flex,0,True,True,True,True,True,False,False,True,False,1800,1405,0.7805555555555556,1172,801,371,449171
33x46,180,10,6,0.1,flex,0,True,True,True,True,True,False,True,True,False,1800,1385,0.7694444444444445,1200,0,0,416119
33x46,180,10,6,0.1,flex,0,True,True,True,True,True,True,False,True,False,1800,1389,0.7716666666666666,1175,0,0,371781
33x46,180,10,6,0.25,flex,0,True,True,True,True,True,False,False,True,False,1800,1667,0.9261111111111111,1394,963,431,596220
33x46,180,10,6,0.25,flex,0,True,True,True,True,True,False,True,True,False,1800,1609,0.8938888888888888,1291,0,0,606583
33x46,180,10,6,0.25,flex,0,True,True,True,True,True,True,False,True,False,1800,1605,0.8916666666666667,1316,0,0,652049
33x46,180,10,7,0,flex,0,True,True,True,True,True,False,False,True,False,1800,1296,0.72,1095,729,366,426794
33x46,180,10,7,0,flex,0,True,True,True,True,True,False,True,True,False,1800,1271,0.7061111111111111,1082,0,0,492538
33x46,180,10,7,0,flex,0,True,True,True,True,True,True,False,True,False,1800,1262,0.7011111111111111,1060,0,0,332305
33x46,180,10,7,0.1,flex,0,True,True,True,True,True,False,False,True,False,1800,1386,0.77,1162,769,393,402979
33x46,180,10,7,0.1,flex,0,True,True,True,True,True,False,True,True,False,1800,1396,0.7755555555555556,1178,0,0,407471
33x46,180,10,7,0.1,flex,0,True,True,True,True,True,True,False,True,False,1800,1438,0.7988888888888889,1202,0,0,345360
33x46,180,10,7,0.25,flex,0,True,True,True,True,True,False,False,True,False,1800,1695,0.9416666666666667,1374,902,472,625502
33x46,180,10,7,0.25,flex,0,True,True,True,True,True,False,True,True,False,1800,1670,0.9277777777777778,1394,0,0,548845
33x46,180,10,7,0.25,flex,0,True,True,True,True,True,True,False,True,False,1800,1587,0.8816666666666667,1253,0,0,588150
33x46,180,10,8,0,flex,0,True,True,True,True,True,False,False,True,False,1800,1261,0.7005555555555556,1046,698,348,442859
33x46,180,10,8,0,flex,0,True,True,True,True,True,False,True,True,False,1800,1264,0.7022222222222222,1058,0,0,436200
33x46,180,10,8,0,flex,0,True,True,True,True,True,True,False,True,False,1800,1274,0.7077777777777777,1088,0,0,502148
33x46,180,10,8,0.1,flex,0,True,True,True,True,True,False,False,True,False,1800,1396,0.7755555555555556,1173,772,401,445561
33x46,180,10,8,0.1,flex,0,True,True,True,True,True,False,True,True,False,1800,1394,0.7744444444444445,1186,0,0,426527
33x46,180,10,8,0.1,flex,0,True,True,True,True,True,True,False,True,False,1800,1405,0.7805555555555556,1208,0,0,383276
33x46,180,10,8,0.25,flex,0,True,True,True,True,True,False,False,True,False,1800,1571,0.8727777777777778,1258,820,438,612114
33x46,180,10,8,0.25,flex,0,True,True,True,True,True,False,True,True,False,1800,1610,0.8944444444444445,1260,0,0,583966
33x46,180,10,8,0.25,flex,0,True,True,True,True,True,True,False,True,False,1800,1671,0.9283333333333333,1366,0,0,547988
33x46,180,10,9,0,flex,0,True,True,True,True,True,False,False,True,False,1800,1261,0.7005555555555556,1084,746,338,405518
33x46,180,10,9,0,flex,0,True,True,True,True,True,False,True,True,False,1800,1260,0.7,1100,0,0,427833
33x46,180,10,9,0,flex,0,True,True,True,True,True,True,False,True,False,1800,1254,0.6966666666666667,1055,0,0,338198
33x46,180,10,9,0.1,flex,0,True,True,True,True,True,False,False,True,False,1800,1410,0.7833333333333333,1217,842,375,381880
33x46,180,10,9,0.1,flex,0,True,True,True,True,True,False,True,True,False,1800,1385,0.7694444444444445,1182,0,0,487037
33x46,180,10,9,0.1,flex,0,True,True,True,True,True,True,False,True,False,1800,1405,0.7805555555555556,1172,0,0,347969
33x46,180,10,9,0.25,flex,0,True,True,True,True,True,False,False,True,False,1800,1657,0.9205555555555556,1400,958,442,541704
33x46,180,10,9,0.25,flex,0,True,True,True,True,True,False,True,True,False,1800,1656,0.92,1364,0,0,583548
33x46,180,10,9,0.25,flex,0,True,True,True,True,True,True,False,True,False,1800,1665,0.925,1350,0,0,584884
33x46,60,10,0,0,flex,0,True,True,True,True,True,False,False,True,False,600,520,0.8666666666666667,260,206,54,17509
33x46,60,10,0,0,flex,0,True,True,True,True,True,False,True,True,False,600,521,0.8683333333333333,259,0,0,16896
33x46,60,10,0,0,flex,0,True,True,True,True,True,True,False,True,False,600,514,0.8566666666666667,251,0,0,11920
33x46,60,10,0,0.1,flex,0,True,True,True,True,True,False,False,True,False,600,574,0.9566666666666667,262,205,57,22081
33x46,60,10,0,0.1,flex,0,True,True,True,True,True,False,True,True,False,600,569,0.9483333333333334,269,0,0,17835
33x46,60,10,0,0.1,flex,0,True,True,True,True,True,True,False,True,False,600,581,0.9683333333333334,245,0,0,28463
33x46,60,10,0,0.25,flex,0,True,True,True,True,True,False,False,True,False,600,598,0.9966666666666667,277,214,63,31501
33x46,60,10,0,0.25,flex,0,True,True,True,True,True,False,True,True,False,600,599,0.9983333333333333,263,0,0,23786
33x46,60,10,0,0.25,flex,0,True,True,True,True,True,True,False,True,False,600,597,0.995,277,0,0,18501
33x46,60,10,1,0,flex,0,True,True,True,True,True,False,False,True,False,600,521,0.8683333333333333,262,202,60,17207
33x46,60,10,1,0,flex,0,True,True,True,True,True,False,True,True,False,600,507,0.845,253,0,0,16297
33x46,60,10,1,0,flex,0,True,True,True,True,True,True,False,True,False,600,527,0.8783333333333333,263,0,0,20720
33x46,60,10,1,0.1,flex,0,True,True,True,True,True,False,False,True,False,600,582,0.97,270,214,56,34935
33x46,60,10,1,0.1,flex,0,True,True,True,True,True,False,True,True,False,600,582,0.97,266,0,0,29343
33x46,60,10,1,0.1,flex,0,True,True,True,True,True,True,False,True,False,600,581,0.9683333333333334,276,0,0,24440
33x46,60,10,1,0.25,flex,0,True,True,True,True,True,False,False,True,False,600,598,0.9966666666666667,236,183,53,27543
33x46,60,10,1,0.25,flex,0,True,True,True,True,True,False,True,True,False,600,598,0.9966666666666667,237,0,0,26429
33x46,60,10,1,0.25,flex,0,True,True,True,True,True,True,False,True,False,600,597,0.995,246,0,0,25593
33x46,60,10,2,0,flex,0,True,True,True,True,True,False,False,True,False,600,519,0.865,244,204,40,17161
33x46,60,10,2,0,flex,0,True,True,True,True,True,False,True,True,False,600,522,0.87,249,0,0,15832
33x46,60,10,2,0,flex,0,True,True,True,True,True,True,False,True,False,600,528,0.88,255,0,0,15365
33x46,60,10,2,0.1,flex,0,True,True,True,True,True,False,False,True,False,600,582,0.97,276,233,43,22002
33x46,60,10,2,0.1,flex,0,True,True,True,True,True,False,True,True,False,600,583,0.9716666666666667,280,0,0,20426
33x46,60,10,2,0.1,flex,0,True,True,True,True,True,True,False,True,False,600,586,0.9766666666666667,266,0,0,17598
33x46,60,10,2,0.25,flex,0,True,True,True,True,True,False,False,True,False,600,598,0.9966666666666667,243,203,40,23327
33x46,60,10,2,0.25,flex,0,True,True,True,True,True,False,True,True,False,600,598,0.9966666666666667,243,0,0,19844
33x46,60,10,2,0.25,flex,0,True,True,True,True,True,True,False,True,False,600,597,0.995,237,0,0,27172
33x46,60,10,3,0,flex,0,True,True,True,True,True,False,False,True,False,600,517,0.8616666666666667,234,183,51,15896
33x46,60,10,3,0,flex,0,True,True,True,True,True,False,True,True,False,600,524,0.8733333333333333,245,0,0,15559
33x46,60,10,3,0,flex,0,True,True,True,True,True,True,False,True,False,600,540,0.9,253,0,0,17211
33x46,60,10,3,0.1,flex,0,True,True,True,True,True,False,False,True,False,600,577,0.9616666666666667,264,209,55,19896
33x46,60,10,3,0.1,flex,0,True,True,True,True,True,False,True,True,False,600,580,0.9666666666666667,277,0,0,20918
33x46,60,10,3,0.1,flex,0,True,True,True,True,True,True,False,True,False,600,585,0.975,259,0,0,19284
33x46,60,10,3,0.25,flex,0,True,True,True,True,True,False,False,True,False,600,597,0.995,248,194,54,25988
33x46,60,10,3,0.25,flex,0,True,True,True,True,True,False,True,True,False,600,597,0.995,237,0,0,22348
33x46,60,10,3,0.25,flex,0,True,True,True,True,True,True,False,True,False,600,598,0.9966666666666667,249,0,0,20056
33x46,60,10,4,0,flex,0,True,True,True,True,True,False,False,True,False,600,530,0.8833333333333333,264,218,46,15737
33x46,60,10,4,0,flex,0,True,True,True,True,True,False,True,True,False,600,521,0.8683333333333333,274,0,0,15651
33x46,60,10,4,0,flex,0,True,True,True,True,True,True,False,True,False,600,520,0.8666666666666667,247,0,0,13301
33x46,60,10,4,0.1,flex,0,True,True,True,True,True,False,False,True,False,600,581,0.9683333333333334,264,224,40,22530
33x46,60,10,4,0.1,flex,0,True,True,True,True,True,False,True,True,False,600,581,0.9683333333333334,264,0,0,22210
33x46,60,10,4,0.1,flex,0,True,True,True,True,True,True,False,True,False,600,579,0.965,266,0,0,20034
33x46,60,10,4,0.25,flex,0,True,True,True,True,True,False,False,True,False,600,599,0.9983333333333333,252,202,50,30622
33x46,60,10,4,0.25,flex,0,True,True,True,True,True,False,True,True,False,600,599,0.9983333333333333,270,0,0,21195
33x46,60,10,4,0.25,flex,0,True,True,True,True,True,True,False,True,False,600,598,0.9966666666666667,247,0,0,18628
33x46,60,10,5,0,flex,0,True,True,True,True,True,False,False,True,False,600,534,0.89,245,196,49,18518
33x46,60,10,5,0,flex,0,True,True,True,True,True,False,True,True,False,600,529,0.8816666666666667,246,0,0,18786
33x46,60,10,5,0,flex,0,True,True,True,True,True,True,False,True,False,600,559,0.9316666666666666,253,0,0,18057
33x46,60,10,5,0.1,flex,0,True,True,True,True,True,False,False,True,False,600,581,0.9683333333333334,250,200,50,17866
33x46,60,10,5,0.1,flex,0,True,True,True,True,True,False,True,True,False,600,581,0.9683333333333334,276,0,0,18592
33x46,60,10,5,0.1,flex,0,True,True,True,True,True,True,False,True,False,600,586,0.9766666666666667,253,0,0,17107
33x46,60,10,5,0.25,flex,0,True,True,True,True,True,False,False,True,False,600,600,1.0,216,179,37,23855
33x46,60,10,5,0.25,flex,0,True,True,True,True,True,False,True,True,False,600,600,1.0,241,0,0,23037
33x46,60,10,5,0.25,flex,0,True,True,True,True,True,True,False,True,False,600,599,0.9983333333333333,244,0,0,26112
33x46,60,10,6,0,flex,0,True,True,True,True,True,False,False,True,False,600,516,0.86,244,199,45,15678
33x46,60,10,6,0,flex,0,True,True,True,True,True,False,True,True,False,600,505,0.8416666666666667,256,0,0,13987
33x46,60,10,6,0,flex,0,True,True,True,True,True,True,False,True,False,600,516,0.86,260,0,0,13886
33x46,60,10,6,0.1,flex,0,True,True,True,True,True,False,False,True,False,600,581,0.9683333333333334,263,210,53,22869
33x46,60,10,6,0.1,flex,0,True,True,True,True,True,False,True,True,False,600,579,0.965,284,0,0,20860
33x46,60,10,6,0.1,flex,0,True,True,True,True,True,True,False,True,False,600,581,0.9683333333333334,254,0,0,25534
33x46,60,10,6,0.25,flex,0,True,True,True,True,True,False,False,True,False,600,599,0.9983333333333333,259,201,58,28427
33x46,60,10,6,0.25,flex,0,True,True,True,True,True,False,True,True,False,600,599,0.9983333333333333,251,0,0,25359
33x46,60,10,6,0.25,flex,0,True,True,True,True,True,True,False,True,False,600,598,0.9966666666666667,255,0,0,25099
33x46,60,10,7,0,flex,0,True,True,True,True,True,False,False,True,False,600,513,0.855,277,236,41,14972
33x46,60,10,7,0,flex,0,True,True,True,True,True,False,True,True,False,600,518,0.8633333333333333,262,0,0,14948
33x46,60,10,7,0,flex,0,True,True,True,True,True,True,False,True,False,600,528,0.88,256,0,0,13757
33x46,60,10,7,0.1,flex,0,True,True,True,True,True,False,False,True,False,600,582,0.97,267,218,49,22063
33x46,60,10,7,0.1,flex,0,True,True,True,True,True,False,True,True,False,600,582,0.97,264,0,0,21921
33x46,60,10,7,0.1,flex,0,True,True,True,True,True,True,False,True,False,600,585,0.975,268,0,0,19000
33x46,60,10,7,0.25,flex,0,True,True,True,True,True,False,False,True,False,600,599,0.9983333333333333,251,202,49,21256
33x46,60,10,7,0.25,flex,0,True,True,True,True,True,False,True,True,False,600,599,0.9983333333333333,259,0,0,21922
33x46,60,10,7,0.25,flex,0,True,True,True,True,True,True,False,True,False,600,598,0.9966666666666667,245,0,0,24545
33x46,60,10,8,0,flex,0,True,True,True,True,True,False,False,True,False,600,507,0.845,243,194,49,17507
33x46,60,10,8,0,flex,0,True,True,True,True,True,False,True,True,False,600,519,0.865,256,0,0,17617
33x46,60,10,8,0,flex,0,True,True,True,True,True,True,False,True,False,600,518,0.8633333333333333,266,0,0,15835
33x46,60,10,8,0.1,flex,0,True,True,True,True,True,False,False,True,False,600,580,0.9666666666666667,255,203,52,26939
33x46,60,10,8,0.1,flex,0,True,True,True,True,True,False,True,True,False,600,581,0.9683333333333334,253,0,0,27752
33x46,60,10,8,0.1,flex,0,True,True,True,True,True,True,False,True,False,600,581,0.9683333333333334,260,0,0,27916
33x46,60,10,8,0.25,flex,0,True,True,True,True,True,False,False,True,False,600,598,0.9966666666666667,254,197,57,16554
33x46,60,10,8,0.25,flex,0,True,True,True,True,True,False,True,True,False,600,597,0.995,251,0,0,17420
33x46,60,10,8,0.25,flex,0,True,True,True,True,True,True,False,True,False,600,591,0.985,240,0,0,14584
33x46,60,10,9,0,flex,0,True,True,True,True,True,False,False,True,False,600,533,0.8883333333333333,265,203,62,21003
33x46,60,10,9,0,flex,0,True,True,True,True,True,False,True,True,False,600,535,0.8916666666666667,266,0,0,17763
33x46,60,10,9,0,flex,0,True,True,True,True,True,True,False,True,False,600,539,0.8983333333333333,281,0,0,19299
33x46,60,10,9,0.1,flex,0,True,True,True,True,True,False,False,True,False,600,582,0.97,275,215,60,23379
33x46,60,10,9,0.1,flex,0,True,True,True,True,True,False,True,True,False,600,582,0.97,290,0,0,24880
33x46,60,10,9,0.1,flex,0,True,True,True,True,True,True,False,True,False,600,582,0.97,268,0,0,22857
33x46,60,10,9,0.25,flex,0,True,True,True,True,True,False,False,True,False,600,600,1.0,258,200,58,19325
33x46,60,10,9,0.25,flex,0,True,True,True,True,True,False,True,True,False,600,600,1.0,274,0,0,18206
33x46,60,10,9,0.25,flex,0,True,True,True,True,True,True,False,True,False,600,598,0.9966666666666667,270,0,0,17471
33x46,90,10,0,0,flex,0,True,True,True,True,True,False,False,True,False,900,734,0.8155555555555556,446,339,107,46598
33x46,90,10,0,0,flex,0,True,True,True,True,True,False,True,True,False,900,726,0.8066666666666666,458,0,0,49455
33x46,90,10,0,0,flex,0,True,True,True,True,True,True,False,True,False,900,741,0.8233333333333334,462,0,0,44308
33x46,90,10,0,0.1,flex,0,True,True,True,True,True,False,False,True,False,900,826,0.9177777777777778,508,389,119,56668
33x46,90,10,0,0.1,flex,0,True,True,True,True,True,False,True,True,False,900,809,0.8988888888888888,499,0,0,55060
33x46,90,10,0,0.1,flex,0,True,True,True,True,True,True,False,True,False,900,832,0.9244444444444444,484,0,0,53780
33x46,90,10,0,0.25,flex,0,True,True,True,True,True,False,False,True,False,900,896,0.9955555555555555,485,365,120,94889
33x46,90,10,0,0.25,flex,0,True,True,True,True,True,False,True,True,False,900,894,0.9933333333333333,484,0,0,54516
33x46,90,10,0,0.25,flex,0,True,True,True,True,True,True,False,True,False,900,894,0.9933333333333333,481,0,0,71939
33x46,90,10,1,0,flex,0,True,True,True,True,True,False,False,True,False,900,739,0.8211111111111111,441,342,99,56979
33x46,90,10,1,0,flex,0,True,True,True,True,True,False,True,True,False,900,740,0.8222222222222222,456,0,0,57912
33x46,90,10,1,0,flex,0,True,True,True,True,True,True,False,True,False,900,737,0.8188888888888889,460,0,0,46434
33x46,90,10,1,0.1,flex,0,True,True,True,True,True,False,False,True,False,900,818,0.9088888888888889,510,388,122,67854
33x46,90,10,1,0.1,flex,0,True,True,True,True,True,False,True,True,False,900,815,0.9055555555555556,528,0,0,57829
33x46,90,10,1,0.1,flex,0,True,True,True,True,True,True,False,True,False,900,826,0.9177777777777778,500,0,0,48514
33x46,90,10,1,0.25,flex,0,True,True,True,True,True,False,False,True,False,900,893,0.9922222222222222,502,383,119,63291
33x46,90,10,1,0.25,flex,0,True,True,True,True,True,False,True,True,False,900,892,0.9911111111111112,488,0,0,82675
33x46,90,10,1,0.25,flex,0,True,True,True,True,True,True,False,True,False,900,893,0.9922222222222222,486,0,0,87504
33x46,90,10,2,0,flex,0,True,True,True,True,True,False,False,True,False,900,732,0.8133333333333334,451,347,104,49125
33x46,90,10,2,0,flex,0,True,True,True,True,True,False,True,True,False,900,737,0.8188888888888889,426,0,0,46192
33x46,90,10,2,0,flex,0,True,True,True,True,True,True,False,True,False,900,749,0.8322222222222222,457,0,0,35411
33x46,90,10,2,0.1,flex,0,True,True,True,True,True,False,False,True,False,900,840,0.9333333333333333,518,401,117,62161
33x46,90,10,2,0.1,flex,0,True,True,True,True,True,False,True,True,False,900,839,0.9322222222222222,509,0,0,70542
33x46,90,10,2,0.1,flex,0,True,True,True,True,True,True,False,True,False,900,857,0.9522222222222222,479,0,0,79900
33x46,90,10,2,0.25,flex,0,True,True,True,True,True,False,False,True,False,900,889,0.9877777777777778,468,369,99,58558
33x46,90,10,2,0.25,flex,0,True,True,True,True,True,False,True,True,False,900,891,0.99,464,0,0,44355
33x46,90,10,2,0.25,flex,0,True,True,True,True,True,True,False,True,False,900,888,0.9866666666666667,456,0,0,56291
33x46,90,10,3,0,flex,0,True,True,True,True,True,False,False,True,False,900,737,0.8188888888888889,442,348,94,53904
33x46,90,10,3,0,flex,0,True,True,True,True,True,False,True,True,False,900,731,0.8122222222222222,441,0,0,66349
33x46,90,10,3,0,flex,0,True,True,True,True,True,True,False,True,False,900,748,0.8311111111111111,450,0,0,42629
33x46,90,10,3,0.1,flex,0,True,True,True,True,True,False,False,True,False,900,814,0.9044444444444445,503,390,113,59092
33x46,90,10,3,0.1,flex,0,True,True,True,True,True,False,True,True,False,900,818,0.9088888888888889,503,0,0,55536
33x46,90,10,3,0.1,flex,0,True,True,True,True,True,True,False,True,False,900,834,0.9266666666666666,510,0,0,52708
33x46,90,10,3,0.25,flex,0,True,True,True,True,True,False,False,True,False,900,893,0.9922222222222222,484,368,116,83481
33x46,90,10,3,0.25,flex,0,True,True,True,True,True,False,True,True,False,900,893,0.9922222222222222,480,0,0,96648
33x46,90,10,3,0.25,flex,0,True,True,True,True,True,True,False,True,False,900,876,0.9733333333333334,468,0,0,64192
33x46,90,10,4,0,flex,0,True,True,True,True,True,False,False,True,False,900,719,0.7988888888888889,467,360,107,42119
33x46,90,10,4,0,flex,0,True,True,True,True,True,False,True,True,False,900,713,0.7922222222222223,445,0,0,45490
33x46,90,10,4,0,flex,0,True,True,True,True,True,True,False,True,False,900,714,0.7933333333333333,454,0,0,33764
33x46,90,10,4,0.1,flex,0,True,True,True,True,True,False,False,True,False,900,795,0.8833333333333333,517,399,118,53175
33x46,90,10,4,0.1,flex,0,True,True,True,True,True,False,True,True,False,900,810,0.9,509,0,0,59082
33x46,90,10,4,0.1,flex,0,True,True,True,True,True,True,False,True,False,900,833,0.9255555555555556,516,0,0,50538
33x46,90,10,4,0.25,flex,0,True,True,True,True,True,False,False,True,False,900,893,0.9922222222222222,495,380,115,62128
33x46,90,10,4,0.25,flex,0,True,True,True,True,True,False,True,True,False,900,895,0.9944444444444445,503,0,0,74951
33x46,90,10,4,0.25,flex,0,True,True,True,True,True,True,False,True,False,900,899,0.9988888888888889,488,0,0,73965
33x46,90,10,5,0,flex,0,True,True,True,True,True,False,False,True,False,900,723,0.8033333333333333,459,360,99,39918
33x46,90,10,5,0,flex,0,True,True,True,True,True,False,True,True,False,900,726,0.8066666666666666,453,0,0,49048
33x46,90,10,5,0,flex,0,True,True,True,True,True,True,False,True,False,900,717,0.7966666666666666,462,0,0,32991
33x46,90,10,5,0.1,flex,0,True,True,True,True,True,False,False,True,False,900,817,0.9077777777777778,493,375,118,59032
33x46,90,10,5,0.1,flex,0,True,True,True,True,True,False,True,True,False,900,814,0.9044444444444445,496,0,0,52259
33x46,90,10,5,0.1,flex,0,True,True,True,True,True,True,False,True,False,900,837,0.93,515,0,0,45500
33x46,90,10,5,0.25,flex,0,True,True,True,True,True,False,False,True,False,900,894,0.9933333333333333,475,356,119,68481
33x46,90,10,5,0.25,flex,0,True,True,True,True,True,False,True,True,False,900,893,0.9922222222222222,505,0,0,71135
33x46,90,10,5,0.25,flex,0,True,True,True,True,True,True,False,True,False,900,898,0.9977777777777778,480,0,0,65746
33x46,90,10,6,0,flex,0,True,True,True,True,True,False,False,True,False,900,738,0.82,474,365,109,45711
33x46,90,10,6,0,flex,0,True,True,True,True,True,False,True,True,False,900,757,0.8411111111111111,478,0,0,42930
33x46,90,10,6,0,flex,0,True,True,True,True,True,True,False,True,False,900,753,0.8366666666666667,488,0,0,38091
33x46,90,10,6,0.1,flex,0,True,True,True,True,True,False,False,True,False,900,848,0.9422222222222222,487,375,112,62038
33x46,90,10,6,0.1,flex,0,True,True,True,True,True,False,True,True,False,900,821,0.9122222222222223,504,0,0,60378
33x46,90,10,6,0.1,flex,0,True,True,True,True,True,True,False,True,False,900,836,0.9288888888888889,507,0,0,47873
33x46,90,10,6,0.25,flex,0,True,True,True,True,True,False,False,True,False,900,892,0.9911111111111112,502,371,131,58324
33x46,90,10,6,0.25,flex,0,True,True,True,True,True,False,True,True,False,900,895,0.9944444444444445,496,0,0,79519
33x46,90,10,6,0.25,flex,0,True,True,True,True,True,True,False,True,False,900,892,0.9911111111111112,491,0,0,95736
33x46,90,10,7,0,flex,0,True,True,True,True,True,False,False,True,False,900,737,0.8188888888888889,482,374,108,52915
33x46,90,10,7,0,flex,0,True,True,True,True,True,False,True,True,False,900,743,0.8255555555555556,498,0,0,52836
33x46,90,10,7,0,flex,0,True,True,True,True,True,True,False,True,False,900,730,0.8111111111111111,471,0,0,44358
33x46,90,10,7,0.1,flex,0,True,True,True,True,True,False,False,True,False,900,822,0.9133333333333333,504,385,119,60348
33x46,90,10,7,0.1,flex,0,True,True,True,True,True,False,True,True,False,900,834,0.9266666666666666,542,0,0,64372
33x46,90,10,7,0.1,flex,0,True,True,True,True,True,True,False,True,False,900,843,0.9366666666666666,538,0,0,56040
33x46,90,10,7,0.25,flex,0,True,True,True,True,True,False,False,True,False,900,888,0.9866666666666667,492,390,102,69771
33x46,90,10,7,0.25,flex,0,True,True,True,True,True,False,True,True,False,900,893,0.9922222222222222,480,0,0,77256
33x46,90,10,7,0.25,flex,0,True,True,True,True,True,True,False,True,False,900,893,0.9922222222222222,484,0,0,78154
33x46,90,10,8,0,flex,0,True,True,True,True,True,False,False,True,False,900,728,0.8088888888888889,492,360,132,45314
33x46,90,10,8,0,flex,0,True,True,True,True,True,False,True,True,False,900,727,0.8077777777777778,485,0,0,45626
33x46,90,10,8,0,flex,0,True,True,True,True,True,True,False,True,False,900,763,0.8477777777777777,480,0,0,39889
33x46,90,10,8,0.1,flex,0,True,True,True,True,True,False,False,True,False,900,848,0.9422222222222222,527,396,131,64254
33x46,90,10,8,0.1,flex,0,True,True,True,True,True,False,True,True,False,900,842,0.9355555555555556,519,0,0,59863
33x46,90,10,8,0.1,flex,0,True,True,True,True,True,True,False,True,False,900,852,0.9466666666666667,499,0,0,59309
33x46,90,10,8,0.25,flex,0,True,True,True,True,True,False,False,True,False,900,890,0.9888888888888889,505,369,136,77936
33x46,90,10,8,0.25,flex,0,True,True,True,True,True,False,True,True,False,900,891,0.99,485,0,0,80845
33x46,90,10,8,0.25,flex,0,True,True,True,True,True,True,False,True,False,900,893,0.9922222222222222,493,0,0,72887
33x46,90,10,9,0,flex,0,True,True,True,True,True,False,False,True,False,900,726,0.8066666666666666,459,351,108,58100
33x46,90,10,9,0,flex,0,True,True,True,True,True,False,True,True,False,900,739,0.8211111111111111,440,0,0,60649
33x46,90,10,9,0,flex,0,True,True,True,True,True,True,False,True,False,900,755,0.8388888888888889,460,0,0,40412
33x46,90,10,9,0.1,flex,0,True,True,True,True,True,False,False,True,False,900,843,0.9366666666666666,504,388,116,69115
33x46,90,10,9,0.1,flex,0,True,True,True,True,True,False,True,True,False,900,834,0.9266666666666666,510,0,0,69104
33x46,90,10,9,0.1,flex,0,True,True,True,True,True,True,False,True,False,900,842,0.9355555555555556,511,0,0,64764
33x46,90,10,9,0.25,flex,0,True,True,True,True,True,False,False,True,False,900,893,0.9922222222222222,480,355,125,83491
33x46,90,10,9,0.25,flex,0,True,True,True,True,True,False,True,True,False,900,891,0.99,504,0,0,78401
33x46,90,10,9,0.25,flex,0,True,True,True,True,True,True,False,True,False,900,893,0.9922222222222222,485,0,0,62088
